Timestamp,Code,Implicitness,Adaptability,Level 1 Time,Level 2 Time,Level 3 Time,Level 4 Time,Level 5 Time,Level 6 Time,Level 7 Time,Level 4 Star,Level 5 Star,Level 6 Star,Level 7 Star,Level 1 Deaths,Level 2 Deaths,Level 3 Deaths,Level 4 Deaths,Level 5 Deaths,Level 6 Deaths,Level 7 Deaths,Total Button Presses,Level 1 Button Presses,Level 2 Button Presses,Level 3 Button Presses,Level 4 Button Presses,Level 5 Button Presses,Level 6 Button Presses,Level 7 Button Presses,Total Time,Total Stars,Total Deaths,Average Button Presses per Second,Average Deaths per Level,Average Button Presses per Level
3/6/2026 11:16:53,ma808588,moderate,yes,20.2447,6.0108,3.9127,232.5529,32.9174,45.1718,171.1638,TRUE,TRUE,FALSE,FALSE,0,0,0,34,2,1,6,1376,7,14,6,732,84,90,443,511.9741,2,43,2.687635957,6.142857143,196.5714286
3/6/2026 11:20:25,nb047296,low,no,22.7151,3.9129,3.9127,9.9069,14.369,85.7651,0,FALSE,TRUE,FALSE,FALSE,0,0,0,0,0,0,0,134,9,6,2,32,36,49,0,140.5817,1,0,0.9531823843,0,19.14285714
3/6/2026 12:11:03,nb825547,low,no,38.6036,3.9165,4.1832,20.1657,12.616,22.0991,0,TRUE,TRUE,FALSE,FALSE,0,0,0,0,0,0,0,175,14,7,8,70,20,56,0,101.5841,2,0,1.722710542,0,25
3/6/2026 12:11:21,na529731,low,yes,32.6207,12.4822,6.0492,128.4699,9.5489,69.8261,427.0549,FALSE,FALSE,FALSE,FALSE,0,0,0,10,0,0,15,1957,7,39,24,553,26,154,1154,686.0519,0,25,2.852553867,3.571428571,279.5714286
3/6/2026 12:38:22,nb416902,low,no,56.5254,4.3497,3.9163,6.6159,17.0148,25.0807,36.3795,FALSE,TRUE,FALSE,FALSE,0,0,0,1,1,0,1,325,11,14,8,28,42,86,136,149.8823,1,3,2.168368113,0.4285714286,46.42857143
3/6/2026 12:38:40,mb510221,moderate,no,96.0231,0,0,0,0,0,0,FALSE,FALSE,FALSE,FALSE,0,0,0,0,0,0,0,24,24,0,0,0,0,0,0,96.0231,0,0,0.2499398582,0,3.428571429
3/6/2026 13:42:50,ma274979,moderate,yes,47.3948,3.9163,3.9163,27.3138,21.2644,13.8486,0,FALSE,TRUE,FALSE,FALSE,0,0,0,3,1,0,0,158,16,9,6,62,30,35,0,117.6542,2,4,1.342918485,0.5714285714,22.57142857
3/6/2026 13:44:55,ma274979,moderate,yes,47.3948,3.9163,3.9163,27.3138,21.2644,27.7305,110.3882,FALSE,TRUE,FALSE,FALSE,0,0,0,3,1,0,2,522,16,9,6,62,30,71,328,241.9243,2,6,2.157699743,0.8571428571,74.57142857
3/6/2026 14:22:45,ib646718,high,no,2.7864,0,0,0,0,0,0,FALSE,FALSE,FALSE,FALSE,0,0,0,0,0,0,0,0,0,0,0,0,0,0,0,2.7864,0,0,0,0,0
3/6/2026 15:32:45,nb225770,low,no,11.2406,3.9128,4.6954,13.2036,24.509,54.7457,103.1479,FALSE,TRUE,FALSE,FALSE,0,0,0,2,1,2,0,529,5,6,10,58,46,126,278,215.455,1,5,2.455269082,0.7142857143,75.57142857
3/6/2026 15:33:30,mb046294,moderate,no,4.2066,3.9128,3.9128,5.0117,4.1293,4.7619,13.5033,FALSE,FALSE,FALSE,FALSE,0,0,0,0,0,0,0,79,3,6,6,18,6,12,28,39.4384,0,0,2.003123859,0,11.28571429
3/6/2026 22:00:28,ib969424,high,no,70.721,10.3397,4.945,63.1542,39.3444,63.0042,27.6226,TRUE,TRUE,FALSE,FALSE,0,0,0,5,1,3,0,508,11,26,14,168,56,150,83,279.1311,3,9,1.819933357,1.285714286,72.57142857
3/7/2026 10:20:16,ma849683,moderate,yes,27.9304,5.095,5.095,22.5776,25.7244,0,0,FALSE,TRUE,FALSE,FALSE,0,0,0,5,0,0,0,140,1,14,8,50,67,0,0,86.4224,1,5,1.619950383,0.7142857143,20
3/7/2026 10:20:18,ma849683,moderate,yes,27.9304,5.095,5.095,22.5776,27.5394,0,0,FALSE,TRUE,FALSE,FALSE,0,0,0,5,0,0,0,141,1,14,8,50,68,0,0,88.2374,1,5,1.597961862,0.7142857143,20.14285714
3/7/2026 10:20:18,ma849683,moderate,yes,27.9304,5.095,5.095,22.5776,27.8058,0,0,FALSE,TRUE,FALSE,FALSE,0,0,0,5,0,0,0,142,1,14,8,50,69,0,0,88.5038,1,5,1.604450882,0.7142857143,20.28571429
3/7/2026 10:20:20,ma849683,moderate,yes,27.9304,5.095,5.095,22.5776,29.554,0,0,FALSE,TRUE,FALSE,FALSE,0,0,0,5,0,0,0,143,1,14,8,50,70,0,0,90.252,1,5,1.584452422,0.7142857143,20.42857143
3/7/2026 10:20:32,ma849683,moderate,yes,27.9304,5.095,5.095,22.5776,42.1082,0,0,FALSE,TRUE,FALSE,FALSE,0,0,0,5,0,0,0,144,1,14,8,50,71,0,0,102.8062,1,5,1.400693732,0.7142857143,20.57142857
3/7/2026 10:20:36,ma225450,moderate,yes,3.3516,0,0,0,0,0,0,FALSE,FALSE,FALSE,FALSE,0,0,0,0,0,0,0,0,0,0,0,0,0,0,0,3.3516,0,0,0,0,0
3/7/2026 16:47:14,na627995,low,yes,21.3663,0,0,0,0,0,0,FALSE,FALSE,FALSE,FALSE,0,0,0,0,0,0,0,0,0,0,0,0,0,0,0,21.3663,0,0,0,0,0
3/7/2026 16:50:13,na627995,low,yes,24.6161,3.0334,3.2084,35.5082,40.3584,18.5666,74.8335,FALSE,TRUE,FALSE,FALSE,0,0,0,14,3,0,3,696,4,12,14,190,134,64,278,200.1246,3,20,3.47783331,2.857142857,99.42857143
3/7/2026 16:50:43,na627995,low,yes,24.6161,3.0334,3.2084,35.5082,40.3584,18.5666,74.8335,FALSE,TRUE,FALSE,FALSE,0,0,0,14,3,0,3,699,4,12,14,190,134,64,281,200.1246,3,20,3.492823971,2.857142857,99.85714286
3/7/2026 16:52:33,ib589233,high,no,24.783,3.0829,2.5834,8.7919,7.0004,16.5163,32.8,FALSE,TRUE,FALSE,FALSE,0,0,0,1,0,1,1,279,7,12,4,46,16,50,144,95.5579,1,3,2.919695807,0.4285714286,39.85714286
3/8/2026 13:44:16,mb664826,moderate,no,25.4711,4.3493,4.7992,15.1639,22.5129,19.7469,4.6489,FALSE,TRUE,FALSE,FALSE,0,0,0,1,1,0,0,180,3,10,8,50,50,52,7,96.6922,1,2,1.861577252,0.2857142857,25.71428571
3/8/2026 13:44:17,mb664826,moderate,no,25.4711,4.3493,4.7992,15.1639,22.5129,19.7469,5.882,FALSE,TRUE,FALSE,FALSE,0,0,0,1,1,0,0,183,3,10,8,50,50,52,10,97.9253,1,2,1.8687714,0.2857142857,26.14285714
3/8/2026 13:45:49,mb664826,moderate,no,25.4711,4.3493,4.7992,15.1639,22.5129,19.7469,97.2827,FALSE,TRUE,FALSE,FALSE,0,0,0,1,1,0,3,475,3,10,8,50,50,52,302,189.326,1,5,2.508899993,0.7142857143,67.85714286
3/8/2026 13:45:52,mb664826,moderate,no,25.4711,4.3493,4.7992,15.1639,22.5129,19.7469,97.2827,FALSE,TRUE,FALSE,FALSE,0,0,0,1,1,0,3,476,3,10,8,50,50,52,303,189.326,1,5,2.514181887,0.7142857143,68
3/8/2026 13:46:48,mb664826,moderate,no,25.4711,4.3493,4.7992,15.1639,22.5129,19.7469,97.2827,FALSE,TRUE,FALSE,FALSE,0,0,0,1,1,0,3,477,3,10,8,50,50,52,304,189.326,1,5,2.519463782,0.7142857143,68.14285714
3/9/2026 8:14:02,mb896070,moderate,no,34.7916,16.2301,41.0433,9.9348,7.4137,20.856,0,FALSE,FALSE,FALSE,FALSE,0,0,3,0,0,0,0,168,15,40,30,28,16,39,0,130.2695,0,3,1.289634181,0.4285714286,24
3/9/2026 8:14:05,mb896070,moderate,no,34.7916,16.2301,41.0433,9.9348,7.4137,23.4936,0,FALSE,FALSE,FALSE,FALSE,0,0,3,0,0,0,0,169,15,40,30,28,16,40,0,132.9071,0,3,1.271564875,0.4285714286,24.14285714
3/9/2026 8:14:06,mb896070,moderate,no,34.7916,16.2301,41.0433,9.9348,7.4137,25.4306,0,FALSE,FALSE,FALSE,FALSE,0,0,3,0,0,0,0,170,15,40,30,28,16,41,0,134.8441,0,3,1.260715152,0.4285714286,24.28571429
3/9/2026 23:10:06,ma236298,moderate,yes,36.2865,0,0,0,0,0,0,FALSE,FALSE,FALSE,FALSE,0,0,0,0,0,0,0,2,2,0,0,0,0,0,0,36.2865,0,0,0.05511691676,0,0.2857142857
3/9/2026 23:10:33,ma236298,moderate,yes,63.1199,0,0,0,0,0,0,FALSE,FALSE,FALSE,FALSE,0,0,0,0,0,0,0,15,15,0,0,0,0,0,0,63.1199,0,0,0.237642962,0,2.142857143
3/9/2026 23:10:33,ma236298,moderate,yes,64.0365,0,0,0,0,0,0,FALSE,FALSE,FALSE,FALSE,0,0,0,0,0,0,0,18,18,0,0,0,0,0,0,64.0365,0,0,0.281089691,0,2.571428571
3/9/2026 23:10:34,ma236298,moderate,yes,64.3523,0,0,0,0,0,0,FALSE,FALSE,FALSE,FALSE,0,0,0,0,0,0,0,19,19,0,0,0,0,0,0,64.3523,0,0,0.2952497424,0,2.714285714
3/11/2026 19:26:17,mb170683,moderate,no,8.8772,0,0,0,0,0,0,FALSE,FALSE,FALSE,FALSE,0,0,0,0,0,0,0,5,5,0,0,0,0,0,0,8.8772,0,0,0.5632406615,0,0.7142857143
3/11/2026 19:26:22,mb170683,moderate,no,8.8772,5.5672,0,0,0,0,0,FALSE,FALSE,FALSE,FALSE,0,0,0,0,0,0,0,17,5,12,0,0,0,0,0,14.4444,0,0,1.176926698,0,2.428571429
3/11/2026 19:26:24,mb170683,moderate,no,8.8772,5.5672,1.65,0,0,0,0,FALSE,FALSE,FALSE,FALSE,0,0,0,0,0,0,0,20,5,12,3,0,0,0,0,16.0944,0,0,1.242668257,0,2.857142857
3/11/2026 19:26:25,mb170683,moderate,no,8.8772,5.5672,2.55,0,0,0,0,FALSE,FALSE,FALSE,FALSE,0,0,0,0,0,0,0,21,5,12,4,0,0,0,0,16.9944,0,0,1.235701172,0,3
3/11/2026 19:26:25,mb170683,moderate,no,8.8772,5.5672,2.8164,0,0,0,0,FALSE,FALSE,FALSE,FALSE,0,0,0,0,0,0,0,23,5,12,6,0,0,0,0,17.2608,0,0,1.332499073,0,3.285714286
3/11/2026 19:26:25,mb170683,moderate,no,8.8772,5.5672,2.6833,0,0,0,0,FALSE,FALSE,FALSE,FALSE,0,0,0,0,0,0,0,22,5,12,5,0,0,0,0,17.1277,0,0,1.284469018,0,3.142857143
3/11/2026 20:14:35,mb393057,moderate,no,35.4746,0,0,0,0,0,0,FALSE,FALSE,FALSE,FALSE,0,0,0,0,0,0,0,15,15,0,0,0,0,0,0,35.4746,0,0,0.4228377487,0,2.142857143
3/11/2026 20:14:42,mb393057,moderate,no,35.4746,7.376,0,0,0,0,0,FALSE,FALSE,FALSE,FALSE,0,0,0,0,0,0,0,33,15,18,0,0,0,0,0,42.8506,0,0,0.7701175713,0,4.714285714
3/11/2026 20:14:50,mb393057,moderate,no,35.4746,7.376,8.425,0,0,0,0,FALSE,FALSE,FALSE,FALSE,0,0,0,0,0,0,0,49,15,18,16,0,0,0,0,51.2756,0,0,0.955620217,0,7
3/11/2026 20:15:21,mb393057,moderate,no,35.4746,7.376,8.425,30.7528,0,0,0,FALSE,FALSE,FALSE,FALSE,0,0,0,3,0,0,0,127,15,18,16,78,0,0,0,82.0284,0,3,1.548244267,0.4285714286,18.14285714
3/11/2026 20:15:45,mb393057,moderate,no,35.4746,7.376,8.425,30.7528,23.8764,0,0,FALSE,TRUE,FALSE,FALSE,0,0,0,3,1,0,0,173,15,18,16,78,46,0,0,105.9048,2,4,1.633542578,0.5714285714,24.71428571
3/11/2026 20:19:53,mb393057,moderate,no,35.4746,7.376,8.425,30.7528,23.8764,247.7544,0,FALSE,TRUE,TRUE,FALSE,0,0,0,3,1,11,0,779,15,18,16,78,46,606,0,353.6592,3,15,2.202685523,2.142857143,111.2857143
3/11/2026 20:24:13,ia266030,high,yes,6.807,0,0,0,0,0,0,FALSE,FALSE,FALSE,FALSE,0,0,0,0,0,0,0,3,3,0,0,0,0,0,0,6.807,0,0,0.4407227854,0,0.4285714286
3/11/2026 20:24:21,ia266030,high,yes,6.807,7.8945,0,0,0,0,0,FALSE,FALSE,FALSE,FALSE,0,0,0,0,0,0,0,60,3,57,0,0,0,0,0,14.7015,0,0,4.081216202,0,8.571428571
3/11/2026 20:24:25,ia266030,high,yes,6.807,7.8945,3.8835,0,0,0,0,FALSE,FALSE,FALSE,FALSE,0,0,0,0,0,0,0,77,3,57,17,0,0,0,0,18.585,0,0,4.143126177,0,11
3/11/2026 20:25:26,ia266030,high,yes,6.807,7.8945,3.8835,61.4785,0,0,0,TRUE,FALSE,FALSE,FALSE,0,0,0,10,0,0,0,507,3,57,17,430,0,0,0,80.0635,2,10,6.332473599,1.428571429,72.42857143
3/11/2026 20:25:41,ia266030,high,yes,6.807,7.8945,3.8835,61.4785,14.6612,0,0,TRUE,TRUE,FALSE,FALSE,0,0,0,10,1,0,0,565,3,57,17,430,58,0,0,94.7247,3,11,5.964653359,1.571428571,80.71428571
3/11/2026 20:25:58,ia266030,high,yes,6.807,7.8945,3.8835,61.4785,14.6612,16.7001,0,TRUE,TRUE,FALSE,FALSE,0,0,0,10,1,0,0,639,3,57,17,430,58,74,0,111.4248,3,11,5.734809486,1.571428571,91.28571429
3/11/2026 20:26:32,mb287296,moderate,no,22.2042,0,0,0,0,0,0,FALSE,FALSE,FALSE,FALSE,0,0,0,0,0,0,0,3,3,0,0,0,0,0,0,22.2042,0,0,0.1351095739,0,0.4285714286
3/11/2026 20:26:34,mb287296,moderate,no,23.8042,0,0,0,0,0,0,FALSE,FALSE,FALSE,FALSE,0,0,0,0,0,0,0,5,5,0,0,0,0,0,0,23.8042,0,0,0.2100469665,0,0.7142857143
3/11/2026 20:26:39,mb287296,moderate,no,23.8042,4.7667,0,0,0,0,0,FALSE,FALSE,FALSE,FALSE,0,0,0,0,0,0,0,35,5,30,0,0,0,0,0,28.5709,0,0,1.225022663,0,5
3/11/2026 20:26:42,mb287296,moderate,no,23.8042,4.7667,3.9667,0,0,0,0,FALSE,FALSE,FALSE,FALSE,0,0,0,0,0,0,0,55,5,30,20,0,0,0,0,32.5376,0,0,1.690352085,0,7.857142857
3/11/2026 20:28:42,mb287296,moderate,no,23.8042,4.7667,3.9667,119.8625,0,0,0,TRUE,FALSE,FALSE,FALSE,0,0,0,74,0,0,0,717,5,30,20,662,0,0,0,152.4001,2,74,4.704721322,10.57142857,102.4285714
3/11/2026 20:28:54,mb287296,moderate,no,23.8042,4.7667,3.9667,119.8625,11.6334,0,0,TRUE,TRUE,FALSE,FALSE,0,0,0,74,1,0,0,753,5,30,20,662,36,0,0,164.0335,3,75,4.590525716,10.71428571,107.5714286
3/11/2026 20:29:53,mb287296,moderate,no,23.8042,4.7667,3.9667,119.8625,11.6334,58.7118,0,TRUE,TRUE,FALSE,FALSE,0,0,0,74,1,2,0,961,5,30,20,662,36,208,0,222.7453,3,77,4.31434468,11,137.2857143
3/11/2026 20:43:23,mb393057,moderate,no,35.4746,7.376,8.425,30.7528,23.8764,247.7544,1409.5865,FALSE,TRUE,TRUE,TRUE,0,0,0,3,1,11,42,4077,15,18,16,78,46,606,3298,1763.2457,12,57,2.31221321,8.142857143,582.4285714
3/11/2026 20:43:35,mb393057,moderate,no,35.4746,7.376,8.425,30.7528,23.8764,247.7544,1409.5865,FALSE,TRUE,TRUE,TRUE,0,0,0,3,1,11,42,4078,15,18,16,78,46,606,3299,1763.2457,12,57,2.312780346,8.142857143,582.5714286
3/11/2026 20:43:36,mb393057,moderate,no,35.4746,7.376,8.425,30.7528,23.8764,247.7544,1409.5865,FALSE,TRUE,TRUE,TRUE,0,0,0,3,1,11,42,4079,15,18,16,78,46,606,3300,1763.2457,12,57,2.313347482,8.142857143,582.7142857
3/11/2026 21:03:53,mb713724,moderate,no,15.2634,0,0,0,0,0,0,FALSE,FALSE,FALSE,FALSE,0,0,0,0,0,0,0,12,12,0,0,0,0,0,0,15.2634,0,0,0.7861944259,0,1.714285714
3/11/2026 21:04:04,mb713724,moderate,no,15.2634,11.7504,0,0,0,0,0,FALSE,FALSE,FALSE,FALSE,0,0,0,0,0,0,0,50,12,38,0,0,0,0,0,27.0138,0,0,1.850905833,0,7.142857143
3/11/2026 21:04:11,mb713724,moderate,no,15.2634,11.7504,7.1327,0,0,0,0,FALSE,FALSE,FALSE,FALSE,0,0,0,0,0,0,0,65,12,38,15,0,0,0,0,34.1465,0,0,1.903562591,0,9.285714286
3/11/2026 21:04:39,mb713724,moderate,no,15.2634,11.7504,7.1327,28.2331,0,0,0,FALSE,FALSE,FALSE,FALSE,0,0,0,1,0,0,0,143,12,38,15,78,0,0,0,62.3796,0,1,2.29241611,0.1428571429,20.42857143
3/11/2026 21:04:53,mb713724,moderate,no,15.2634,11.7504,7.1327,28.2331,13.6999,0,0,FALSE,TRUE,FALSE,FALSE,0,0,0,1,0,0,0,169,12,38,15,78,26,0,0,76.0795,1,1,2.22136055,0.1428571429,24.14285714
3/11/2026 21:05:23,mb713724,moderate,no,15.2634,11.7504,7.1327,28.2331,13.6999,30.2997,0,FALSE,TRUE,FALSE,FALSE,0,0,0,1,0,0,0,238,12,38,15,78,26,69,0,106.3792,1,1,2.237279468,0.1428571429,34
3/11/2026 21:07:17,ib916097,high,no,34.0554,0,0,0,0,0,0,FALSE,FALSE,FALSE,FALSE,0,0,0,0,0,0,0,0,0,0,0,0,0,0,0,34.0554,0,0,0,0,0
3/11/2026 21:07:18,ib916097,high,no,34.6054,0,0,0,0,0,0,FALSE,FALSE,FALSE,FALSE,0,0,0,0,0,0,0,1,1,0,0,0,0,0,0,34.6054,0,0,0.02889722413,0,0.1428571429
3/11/2026 21:07:22,ib916097,high,no,39.122,0,0,0,0,0,0,FALSE,FALSE,FALSE,FALSE,0,0,0,0,0,0,0,11,11,0,0,0,0,0,0,39.122,0,0,0.2811717192,0,1.571428571
3/11/2026 21:07:27,ib916097,high,no,39.122,5.3333,0,0,0,0,0,FALSE,FALSE,FALSE,FALSE,0,0,0,0,0,0,0,24,11,13,0,0,0,0,0,44.4553,0,0,0.5398681372,0,3.428571429
3/11/2026 21:17:42,ma921296,moderate,yes,28.7474,0,0,0,0,0,0,FALSE,FALSE,FALSE,FALSE,0,0,0,0,0,0,0,11,11,0,0,0,0,0,0,28.7474,0,0,0.3826432999,0,1.571428571
3/11/2026 21:18:00,ma921296,moderate,yes,28.7474,17.9008,0,0,0,0,0,FALSE,FALSE,FALSE,FALSE,0,0,0,0,0,0,0,53,11,42,0,0,0,0,0,46.6482,0,0,1.136163882,0,7.571428571
3/11/2026 21:18:05,ma921296,moderate,yes,28.7474,17.9008,5.5217,0,0,0,0,FALSE,FALSE,FALSE,FALSE,0,0,0,0,0,0,0,69,11,42,16,0,0,0,0,52.1699,0,0,1.32260173,0,9.857142857
3/11/2026 21:19:00,ma921296,moderate,yes,28.7474,17.9008,5.5217,54.7028,0,0,0,FALSE,FALSE,FALSE,FALSE,0,0,0,8,0,0,0,201,11,42,16,132,0,0,0,106.8727,0,8,1.880742229,1.142857143,28.71428571
3/11/2026 21:19:30,ma921296,moderate,yes,28.7474,17.9008,5.5217,54.7028,29.6453,0,0,FALSE,TRUE,FALSE,FALSE,0,0,0,8,2,0,0,265,11,42,16,132,64,0,0,136.518,2,10,1.941135967,1.428571429,37.85714286
3/11/2026 21:20:09,ma076149,moderate,yes,3.7868,0,0,0,0,0,0,FALSE,FALSE,FALSE,FALSE,0,0,0,0,0,0,0,1,1,0,0,0,0,0,0,3.7868,0,0,0.2640752086,0,0.1428571429
3/11/2026 21:20:15,ia378338,high,yes,3.8148,0,0,0,0,0,0,FALSE,FALSE,FALSE,FALSE,0,0,0,0,0,0,0,1,1,0,0,0,0,0,0,3.8148,0,0,0.2621369403,0,0.1428571429
3/11/2026 21:20:27,ib581052,high,no,11.0907,0,0,0,0,0,0,FALSE,FALSE,FALSE,FALSE,0,0,0,0,0,0,0,7,7,0,0,0,0,0,0,11.0907,0,0,0.6311594399,0,1
3/11/2026 21:20:31,ib581052,high,no,11.0907,3.9205,0,0,0,0,0,FALSE,FALSE,FALSE,FALSE,0,0,0,0,0,0,0,14,7,7,0,0,0,0,0,15.0112,0,0,0.9326369644,0,2
3/11/2026 21:20:36,ib581052,high,no,11.0907,3.9205,4.7713,0,0,0,0,FALSE,FALSE,FALSE,FALSE,0,0,0,0,0,0,0,25,7,7,11,0,0,0,0,19.7825,0,0,1.263743207,0,3.571428571
3/11/2026 21:20:58,ib581052,high,no,11.0907,3.9205,4.7713,21.6375,0,0,0,TRUE,FALSE,FALSE,FALSE,0,0,0,1,0,0,0,85,7,7,11,60,0,0,0,41.42,1,1,2.05214872,0.1428571429,12.14285714
3/11/2026 21:21:09,ib581052,high,no,11.0907,3.9205,4.7713,21.6375,11.5778,0,0,TRUE,TRUE,FALSE,FALSE,0,0,0,1,0,0,0,105,7,7,11,60,20,0,0,52.9978,2,1,1.981214315,0.1428571429,15
3/11/2026 21:21:35,ib581052,high,no,11.0907,3.9205,4.7713,21.6375,11.5778,25.3745,0,TRUE,TRUE,FALSE,FALSE,0,0,0,1,0,1,0,181,7,7,11,60,20,76,0,78.3723,2,2,2.30948945,0.2857142857,25.85714286
3/11/2026 21:23:28,ib581052,high,no,11.0907,3.9205,4.7713,21.6375,11.5778,25.3745,113.593,TRUE,TRUE,FALSE,FALSE,0,0,0,1,0,1,2,493,7,7,11,60,20,76,312,191.9653,2,4,2.568172477,0.5714285714,70.42857143
3/11/2026 21:24:02,ib581052,high,no,11.0907,3.9205,4.7713,21.6375,11.5778,25.3745,113.593,TRUE,TRUE,FALSE,FALSE,0,0,0,1,0,1,2,494,7,7,11,60,20,76,313,191.9653,2,4,2.573381752,0.5714285714,70.57142857
3/11/2026 21:24:03,ib581052,high,no,11.0907,3.9205,4.7713,21.6375,11.5778,25.3745,113.593,TRUE,TRUE,FALSE,FALSE,0,0,0,1,0,1,2,496,7,7,11,60,20,76,315,191.9653,2,4,2.583800301,0.5714285714,70.85714286
3/11/2026 21:24:03,ib581052,high,no,11.0907,3.9205,4.7713,21.6375,11.5778,25.3745,113.593,TRUE,TRUE,FALSE,FALSE,0,0,0,1,0,1,2,495,7,7,11,60,20,76,314,191.9653,2,4,2.578591027,0.5714285714,70.71428571
3/11/2026 21:24:03,ib581052,high,no,11.0907,3.9205,4.7713,21.6375,11.5778,25.3745,113.593,TRUE,TRUE,FALSE,FALSE,0,0,0,1,0,1,2,497,7,7,11,60,20,76,316,191.9653,2,4,2.589009576,0.5714285714,71
3/11/2026 21:24:04,ib581052,high,no,11.0907,3.9205,4.7713,21.6375,11.5778,25.3745,113.593,TRUE,TRUE,FALSE,FALSE,0,0,0,1,0,1,2,499,7,7,11,60,20,76,318,191.9653,2,4,2.599428126,0.5714285714,71.28571429
3/11/2026 21:24:04,ib581052,high,no,11.0907,3.9205,4.7713,21.6375,11.5778,25.3745,113.593,TRUE,TRUE,FALSE,FALSE,0,0,0,1,0,1,2,498,7,7,11,60,20,76,317,191.9653,2,4,2.594218851,0.5714285714,71.14285714
3/11/2026 21:24:10,ib581052,high,no,11.0907,3.9205,4.7713,21.6375,11.5778,25.3745,113.593,TRUE,TRUE,FALSE,FALSE,0,0,0,1,0,1,2,500,7,7,11,60,20,76,319,191.9653,2,4,2.604637401,0.5714285714,71.42857143
3/11/2026 21:24:11,ib581052,high,no,11.0907,3.9205,4.7713,21.6375,11.5778,25.3745,113.593,TRUE,TRUE,FALSE,FALSE,0,0,0,1,0,1,2,501,7,7,11,60,20,76,320,191.9653,2,4,2.609846675,0.5714285714,71.57142857
3/11/2026 21:24:11,ib581052,high,no,11.0907,3.9205,4.7713,21.6375,11.5778,25.3745,113.593,TRUE,TRUE,FALSE,FALSE,0,0,0,1,0,1,2,503,7,7,11,60,20,76,322,191.9653,2,4,2.620265225,0.5714285714,71.85714286
3/11/2026 21:24:11,ib581052,high,no,11.0907,3.9205,4.7713,21.6375,11.5778,25.3745,113.593,TRUE,TRUE,FALSE,FALSE,0,0,0,1,0,1,2,502,7,7,11,60,20,76,321,191.9653,2,4,2.61505595,0.5714285714,71.71428571
3/11/2026 21:24:11,ib581052,high,no,11.0907,3.9205,4.7713,21.6375,11.5778,25.3745,113.593,TRUE,TRUE,FALSE,FALSE,0,0,0,1,0,1,2,504,7,7,11,60,20,76,323,191.9653,2,4,2.6254745,0.5714285714,72
3/11/2026 21:24:11,ib581052,high,no,11.0907,3.9205,4.7713,21.6375,11.5778,25.3745,113.593,TRUE,TRUE,FALSE,FALSE,0,0,0,1,0,1,2,505,7,7,11,60,20,76,324,191.9653,2,4,2.630683775,0.5714285714,72.14285714
3/11/2026 21:25:56,ib581052,high,no,11.0907,3.9205,4.7713,21.6375,11.5778,25.3745,113.593,TRUE,TRUE,FALSE,FALSE,0,0,0,1,0,1,2,506,7,7,11,60,20,76,325,191.9653,2,4,2.635893049,0.5714285714,72.28571429
3/11/2026 21:25:58,ib581052,high,no,11.0907,3.9205,4.7713,21.6375,11.5778,25.3745,113.593,TRUE,TRUE,FALSE,FALSE,0,0,0,1,0,1,2,507,7,7,11,60,20,76,326,191.9653,2,4,2.641102324,0.5714285714,72.42857143
3/11/2026 22:59:06,ma747473,moderate,yes,10291.6374,0,0,0,0,0,0,FALSE,FALSE,FALSE,FALSE,0,0,0,0,0,0,0,1,1,0,0,0,0,0,0,10291.6374,0,0,0.00009716626822,0,0.1428571429
3/11/2026 22:59:19,ma747473,moderate,yes,10291.6374,12.5628,0,0,0,0,0,FALSE,FALSE,FALSE,FALSE,0,0,0,0,0,0,0,43,1,42,0,0,0,0,0,10304.2002,0,0,0.004173055566,0,6.142857143
3/11/2026 22:59:24,ma747473,moderate,yes,10291.6374,12.5628,4.8384,0,0,0,0,FALSE,FALSE,FALSE,FALSE,0,0,0,0,0,0,0,59,1,42,16,0,0,0,0,10309.0386,0,0,0.005723133096,0,8.428571429
3/11/2026 23:00:47,ma747473,moderate,yes,10291.6374,12.5628,4.8384,83.6049,0,0,0,TRUE,FALSE,FALSE,FALSE,0,0,0,12,0,0,0,309,1,42,16,250,0,0,0,10392.6435,3,12,0.02973256997,1.714285714,44.14285714
3/11/2026 23:01:03,ma747473,moderate,yes,10291.6374,12.5628,4.8384,83.6049,16.0003,0,0,TRUE,TRUE,FALSE,FALSE,0,0,0,12,0,0,0,357,1,42,16,250,48,0,0,10408.6438,4,12,0.03429841648,1.714285714,51
3/11/2026 23:01:59,ma747473,moderate,yes,10291.6374,12.5628,4.8384,83.6049,16.0003,55.8091,0,TRUE,TRUE,FALSE,FALSE,0,0,0,12,0,2,0,517,1,42,16,250,48,160,0,10464.4529,4,14,0.04940535401,2,73.85714286
3/11/2026 23:03:19,ma747473,moderate,yes,10291.6374,12.5628,4.8384,83.6049,16.0003,55.8091,79.5675,TRUE,TRUE,FALSE,FALSE,0,0,0,12,0,2,2,671,1,42,16,250,48,160,154,10544.0204,4,16,0.06363796489,2.285714286,95.85714286
3/12/2026 11:18:10,na585711,low,yes,30.3628,0,0,0,0,0,0,FALSE,FALSE,FALSE,FALSE,0,0,0,0,0,0,0,7,7,0,0,0,0,0,0,30.3628,0,0,0.2305452725,0,1
3/12/2026 11:18:14,na585711,low,yes,30.3628,3.9164,0,0,0,0,0,FALSE,FALSE,FALSE,FALSE,0,0,0,0,0,0,0,13,7,6,0,0,0,0,0,34.2792,0,0,0.379238722,0,1.857142857
3/12/2026 11:18:18,na585711,low,yes,30.3628,3.9164,3.9166,0,0,0,0,FALSE,FALSE,FALSE,FALSE,0,0,0,0,0,0,0,19,7,6,6,0,0,0,0,38.1958,0,0,0.497436891,0,2.714285714
3/12/2026 11:18:34,na585711,low,yes,30.3628,3.9164,3.9166,15.9992,0,0,0,TRUE,FALSE,FALSE,FALSE,0,0,0,0,0,0,0,63,7,6,6,44,0,0,0,54.195,1,0,1.162468862,0,9
3/12/2026 11:18:45,na585711,low,yes,30.3628,3.9164,3.9166,15.9992,11.0328,0,0,TRUE,TRUE,FALSE,FALSE,0,0,0,0,0,0,0,79,7,6,6,44,16,0,0,65.2278,2,0,1.211140035,0,11.28571429
3/12/2026 11:19:02,na585711,low,yes,30.3628,3.9164,3.9166,15.9992,11.0328,17.4826,0,TRUE,TRUE,FALSE,FALSE,0,0,0,0,0,0,0,109,7,6,6,44,16,30,0,82.7104,2,0,1.317851201,0,15.57142857
3/12/2026 11:22:38,na585711,low,yes,30.3628,3.9164,3.9166,15.9992,11.0328,17.4826,215.1234,TRUE,TRUE,FALSE,FALSE,0,0,0,0,0,0,4,599,7,6,6,44,16,30,490,297.8338,2,4,2.011188791,0.5714285714,85.57142857
3/12/2026 14:11:48,ma747473,moderate,yes,10291.6374,12.5628,4.8384,83.6049,16.0003,55.8091,79.5675,TRUE,TRUE,FALSE,FALSE,0,0,0,12,0,2,2,672,1,42,16,250,48,160,155,10544.0204,4,16,0.06373280537,2.285714286,96
3/12/2026 20:59:49,ia996979,high,yes,51.8025,0,0,0,0,0,0,FALSE,FALSE,FALSE,FALSE,0,0,0,0,0,0,0,9,9,0,0,0,0,0,0,51.8025,0,0,0.1737367888,0,1.285714286
3/12/2026 21:00:11,ia996979,high,yes,51.8025,22.5325,0,0,0,0,0,FALSE,FALSE,FALSE,FALSE,0,0,0,0,0,0,0,63,9,54,0,0,0,0,0,74.335,0,0,0.8475146297,0,9
3/12/2026 21:00:24,ia996979,high,yes,51.8025,22.5325,13.5992,0,0,0,0,FALSE,FALSE,FALSE,FALSE,0,0,0,0,0,0,0,85,9,54,22,0,0,0,0,87.9342,0,0,0.9666318679,0,12.14285714
3/12/2026 21:00:36,ia996979,high,yes,51.8025,22.5325,13.5992,11.9995,0,0,0,FALSE,FALSE,FALSE,FALSE,0,0,0,0,0,0,0,107,9,54,22,22,0,0,0,99.9337,0,0,1.070709881,0,15.28571429
3/12/2026 21:01:31,ia996979,high,yes,51.8025,22.5325,13.5992,11.9995,54.8308,0,0,FALSE,TRUE,FALSE,FALSE,0,0,0,0,3,0,0,192,9,54,22,22,85,0,0,154.7645,1,3,1.240594581,0.4285714286,27.42857143
3/12/2026 21:01:33,ia996979,high,yes,51.8025,22.5325,13.5992,11.9995,56.2641,0,0,FALSE,TRUE,FALSE,FALSE,0,0,0,0,3,0,0,193,9,54,22,22,86,0,0,156.1978,1,3,1.235612794,0.4285714286,27.57142857
3/12/2026 21:01:33,ia996979,high,yes,51.8025,22.5325,13.5992,11.9995,56.8307,0,0,FALSE,TRUE,FALSE,FALSE,0,0,0,0,3,0,0,193,9,54,22,22,86,0,0,156.7644,1,3,1.231146868,0.4285714286,27.57142857
3/12/2026 21:01:33,ia996979,high,yes,51.8025,22.5325,13.5992,11.9995,56.7641,0,0,FALSE,TRUE,FALSE,FALSE,0,0,0,0,3,0,0,193,9,54,22,22,86,0,0,156.6978,1,3,1.231670132,0.4285714286,27.57142857
3/12/2026 21:01:33,ia996979,high,yes,51.8025,22.5325,13.5992,11.9995,56.9641,0,0,FALSE,TRUE,FALSE,FALSE,0,0,0,0,3,0,0,193,9,54,22,22,86,0,0,156.8978,1,3,1.230100103,0.4285714286,27.57142857
3/12/2026 21:01:33,ia996979,high,yes,51.8025,22.5325,13.5992,11.9995,56.864,0,0,FALSE,TRUE,FALSE,FALSE,0,0,0,0,3,0,0,193,9,54,22,22,86,0,0,156.7977,1,3,1.230885402,0.4285714286,27.57142857
3/12/2026 21:01:33,ia996979,high,yes,51.8025,22.5325,13.5992,11.9995,56.9307,0,0,FALSE,TRUE,FALSE,FALSE,0,0,0,0,3,0,0,193,9,54,22,22,86,0,0,156.8644,1,3,1.23036202,0.4285714286,27.57142857
3/12/2026 21:01:33,ia996979,high,yes,51.8025,22.5325,13.5992,11.9995,57.0307,0,0,FALSE,TRUE,FALSE,FALSE,0,0,0,0,3,0,0,193,9,54,22,22,86,0,0,156.9644,1,3,1.229578172,0.4285714286,27.57142857
3/12/2026 21:01:33,ia996979,high,yes,51.8025,22.5325,13.5992,11.9995,57.064,0,0,FALSE,TRUE,FALSE,FALSE,0,0,0,0,3,0,0,193,9,54,22,22,86,0,0,156.9977,1,3,1.229317372,0.4285714286,27.57142857
3/12/2026 21:01:33,ia996979,high,yes,51.8025,22.5325,13.5992,11.9995,57.1307,0,0,FALSE,TRUE,FALSE,FALSE,0,0,0,0,3,0,0,193,9,54,22,22,86,0,0,157.0644,1,3,1.228795322,0.4285714286,27.57142857
3/12/2026 21:01:33,ia996979,high,yes,51.8025,22.5325,13.5992,11.9995,57.164,0,0,FALSE,TRUE,FALSE,FALSE,0,0,0,0,3,0,0,193,9,54,22,22,86,0,0,157.0977,1,3,1.228534854,0.4285714286,27.57142857
3/12/2026 21:01:33,ia996979,high,yes,51.8025,22.5325,13.5992,11.9995,57.2306,0,0,FALSE,TRUE,FALSE,FALSE,0,0,0,0,3,0,0,193,9,54,22,22,86,0,0,157.1643,1,3,1.22801425,0.4285714286,27.57142857
3/12/2026 21:01:33,ia996979,high,yes,51.8025,22.5325,13.5992,11.9995,57.264,0,0,FALSE,TRUE,FALSE,FALSE,0,0,0,0,3,0,0,193,9,54,22,22,86,0,0,157.1977,1,3,1.227753332,0.4285714286,27.57142857
3/12/2026 21:01:34,ia996979,high,yes,51.8025,22.5325,13.5992,11.9995,57.3306,0,0,FALSE,TRUE,FALSE,FALSE,0,0,0,0,3,0,0,193,9,54,22,22,86,0,0,157.2643,1,3,1.22723339,0.4285714286,27.57142857
3/12/2026 21:01:34,ia996979,high,yes,51.8025,22.5325,13.5992,11.9995,57.3973,0,0,FALSE,TRUE,FALSE,FALSE,0,0,0,0,3,0,0,193,9,54,22,22,86,0,0,157.331,1,3,1.226713108,0.4285714286,27.57142857
3/12/2026 21:01:34,ia996979,high,yes,51.8025,22.5325,13.5992,11.9995,57.4307,0,0,FALSE,TRUE,FALSE,FALSE,0,0,0,0,3,0,0,193,9,54,22,22,86,0,0,157.3644,1,3,1.226452743,0.4285714286,27.57142857
3/12/2026 21:01:34,ia996979,high,yes,51.8025,22.5325,13.5992,11.9995,57.4973,0,0,FALSE,TRUE,FALSE,FALSE,0,0,0,0,3,0,0,193,9,54,22,22,86,0,0,157.431,1,3,1.225933901,0.4285714286,27.57142857
3/12/2026 21:01:34,ia996979,high,yes,51.8025,22.5325,13.5992,11.9995,57.5973,0,0,FALSE,TRUE,FALSE,FALSE,0,0,0,0,3,0,0,193,9,54,22,22,86,0,0,157.531,1,3,1.225155684,0.4285714286,27.57142857
3/12/2026 21:01:34,ia996979,high,yes,51.8025,22.5325,13.5992,11.9995,57.6307,0,0,FALSE,TRUE,FALSE,FALSE,0,0,0,0,3,0,0,193,9,54,22,22,86,0,0,157.5644,1,3,1.224895979,0.4285714286,27.57142857
3/12/2026 21:01:34,ia996979,high,yes,51.8025,22.5325,13.5992,11.9995,57.5306,0,0,FALSE,TRUE,FALSE,FALSE,0,0,0,0,3,0,0,193,9,54,22,22,86,0,0,157.4643,1,3,1.225674645,0.4285714286,27.57142857
3/12/2026 21:01:34,ia996979,high,yes,51.8025,22.5325,13.5992,11.9995,57.6973,0,0,FALSE,TRUE,FALSE,FALSE,0,0,0,0,3,0,0,193,9,54,22,22,86,0,0,157.631,1,3,1.224378453,0.4285714286,27.57142857
3/12/2026 21:01:34,ia996979,high,yes,51.8025,22.5325,13.5992,11.9995,57.7307,0,0,FALSE,TRUE,FALSE,FALSE,0,0,0,0,3,0,0,193,9,54,22,22,86,0,0,157.6644,1,3,1.224119078,0.4285714286,27.57142857
3/12/2026 21:01:34,ia996979,high,yes,51.8025,22.5325,13.5992,11.9995,57.7973,0,0,FALSE,TRUE,FALSE,FALSE,0,0,0,0,3,0,0,193,9,54,22,22,86,0,0,157.731,1,3,1.223602209,0.4285714286,27.57142857
3/12/2026 21:01:34,ia996979,high,yes,51.8025,22.5325,13.5992,11.9995,57.8306,0,0,FALSE,TRUE,FALSE,FALSE,0,0,0,0,3,0,0,193,9,54,22,22,86,0,0,157.7643,1,3,1.223343938,0.4285714286,27.57142857
3/12/2026 21:01:45,ia996979,high,yes,51.8025,22.5325,13.5992,11.9995,68.3968,0,0,FALSE,TRUE,FALSE,FALSE,0,0,0,0,3,0,0,194,9,54,22,22,87,0,0,168.3305,1,3,1.152494646,0.4285714286,27.71428571
3/12/2026 21:54:23,ib713496,high,no,54.923,0,0,0,0,0,0,FALSE,FALSE,FALSE,FALSE,0,0,0,0,0,0,0,41,41,0,0,0,0,0,0,54.923,0,0,0.746499645,0,5.857142857
3/12/2026 21:54:47,ib713496,high,no,54.923,24.2832,0,0,0,0,0,FALSE,FALSE,FALSE,FALSE,0,0,0,0,0,0,0,127,41,86,0,0,0,0,0,79.2062,0,0,1.603409834,0,18.14285714
3/12/2026 21:54:52,ib713496,high,no,54.923,24.2832,5.2669,0,0,0,0,FALSE,FALSE,FALSE,FALSE,0,0,0,0,0,0,0,139,41,86,12,0,0,0,0,84.4731,0,0,1.645494246,0,19.85714286
3/12/2026 21:55:29,ib713496,high,no,54.923,24.2832,5.2669,36.5664,0,0,0,TRUE,FALSE,FALSE,FALSE,0,0,0,1,0,0,0,273,41,86,12,134,0,0,0,121.0395,1,1,2.25546206,0.1428571429,39
3/12/2026 21:55:48,ib713496,high,no,54.923,24.2832,5.2669,36.5664,19.6834,0,0,TRUE,TRUE,FALSE,FALSE,0,0,0,1,1,0,0,305,41,86,12,134,32,0,0,140.7229,2,2,2.167380007,0.2857142857,43.57142857
3/12/2026 21:58:11,ib713496,high,no,54.923,24.2832,5.2669,36.5664,19.6834,142.35,0,TRUE,TRUE,TRUE,FALSE,0,0,0,1,1,3,0,687,41,86,12,134,32,382,0,283.0729,3,5,2.426936665,0.7142857143,98.14285714
3/12/2026 22:10:15,ib713496,high,no,54.923,24.2832,5.2669,36.5664,19.6834,142.35,724.3996,TRUE,TRUE,TRUE,TRUE,0,0,0,1,1,3,24,2657,41,86,12,134,32,382,1970,1007.4725,12,29,2.637292829,4.142857143,379.5714286
3/12/2026 22:11:08,ib713496,high,no,54.923,24.2832,5.2669,36.5664,19.6834,142.35,724.3996,TRUE,TRUE,TRUE,TRUE,0,0,0,1,1,3,24,2658,41,86,12,134,32,382,1971,1007.4725,12,29,2.638285412,4.142857143,379.7142857
3/12/2026 22:11:08,ib713496,high,no,54.923,24.2832,5.2669,36.5664,19.6834,142.35,724.3996,TRUE,TRUE,TRUE,TRUE,0,0,0,1,1,3,24,2659,41,86,12,134,32,382,1972,1007.4725,12,29,2.639277995,4.142857143,379.8571429
3/12/2026 22:11:09,ib713496,high,no,54.923,24.2832,5.2669,36.5664,19.6834,142.35,724.3996,TRUE,TRUE,TRUE,TRUE,0,0,0,1,1,3,24,2660,41,86,12,134,32,382,1973,1007.4725,12,29,2.640270578,4.142857143,380
3/12/2026 22:11:11,ib713496,high,no,54.923,24.2832,5.2669,36.5664,19.6834,142.35,724.3996,TRUE,TRUE,TRUE,TRUE,0,0,0,1,1,3,24,2661,41,86,12,134,32,382,1974,1007.4725,12,29,2.641263161,4.142857143,380.1428571
3/12/2026 22:11:11,ib713496,high,no,54.923,24.2832,5.2669,36.5664,19.6834,142.35,724.3996,TRUE,TRUE,TRUE,TRUE,0,0,0,1,1,3,24,2662,41,86,12,134,32,382,1975,1007.4725,12,29,2.642255744,4.142857143,380.2857143
3/12/2026 22:11:12,ib713496,high,no,54.923,24.2832,5.2669,36.5664,19.6834,142.35,724.3996,TRUE,TRUE,TRUE,TRUE,0,0,0,1,1,3,24,2663,41,86,12,134,32,382,1976,1007.4725,12,29,2.643248327,4.142857143,380.4285714
3/12/2026 22:11:12,ib713496,high,no,54.923,24.2832,5.2669,36.5664,19.6834,142.35,724.3996,TRUE,TRUE,TRUE,TRUE,0,0,0,1,1,3,24,2664,41,86,12,134,32,382,1977,1007.4725,12,29,2.64424091,4.142857143,380.5714286
3/12/2026 22:11:13,ib713496,high,no,54.923,24.2832,5.2669,36.5664,19.6834,142.35,724.3996,TRUE,TRUE,TRUE,TRUE,0,0,0,1,1,3,24,2665,41,86,12,134,32,382,1978,1007.4725,12,29,2.645233493,4.142857143,380.7142857
3/12/2026 22:11:13,ib713496,high,no,54.923,24.2832,5.2669,36.5664,19.6834,142.35,724.3996,TRUE,TRUE,TRUE,TRUE,0,0,0,1,1,3,24,2666,41,86,12,134,32,382,1979,1007.4725,12,29,2.646226076,4.142857143,380.8571429
3/12/2026 22:11:13,ib713496,high,no,54.923,24.2832,5.2669,36.5664,19.6834,142.35,724.3996,TRUE,TRUE,TRUE,TRUE,0,0,0,1,1,3,24,2667,41,86,12,134,32,382,1980,1007.4725,12,29,2.647218659,4.142857143,381
3/12/2026 22:11:14,ib713496,high,no,54.923,24.2832,5.2669,36.5664,19.6834,142.35,724.3996,TRUE,TRUE,TRUE,TRUE,0,0,0,1,1,3,24,2668,41,86,12,134,32,382,1981,1007.4725,12,29,2.648211241,4.142857143,381.1428571
3/12/2026 22:11:14,ib713496,high,no,54.923,24.2832,5.2669,36.5664,19.6834,142.35,724.3996,TRUE,TRUE,TRUE,TRUE,0,0,0,1,1,3,24,2669,41,86,12,134,32,382,1982,1007.4725,12,29,2.649203824,4.142857143,381.2857143
3/12/2026 22:11:14,ib713496,high,no,54.923,24.2832,5.2669,36.5664,19.6834,142.35,724.3996,TRUE,TRUE,TRUE,TRUE,0,0,0,1,1,3,24,2670,41,86,12,134,32,382,1983,1007.4725,12,29,2.650196407,4.142857143,381.4285714
3/12/2026 22:11:15,ib713496,high,no,54.923,24.2832,5.2669,36.5664,19.6834,142.35,724.3996,TRUE,TRUE,TRUE,TRUE,0,0,0,1,1,3,24,2671,41,86,12,134,32,382,1984,1007.4725,12,29,2.65118899,4.142857143,381.5714286
3/12/2026 22:11:15,ib713496,high,no,54.923,24.2832,5.2669,36.5664,19.6834,142.35,724.3996,TRUE,TRUE,TRUE,TRUE,0,0,0,1,1,3,24,2672,41,86,12,134,32,382,1985,1007.4725,12,29,2.652181573,4.142857143,381.7142857
3/12/2026 22:11:15,ib713496,high,no,54.923,24.2832,5.2669,36.5664,19.6834,142.35,724.3996,TRUE,TRUE,TRUE,TRUE,0,0,0,1,1,3,24,2673,41,86,12,134,32,382,1986,1007.4725,12,29,2.653174156,4.142857143,381.8571429
3/12/2026 22:11:16,ib713496,high,no,54.923,24.2832,5.2669,36.5664,19.6834,142.35,724.3996,TRUE,TRUE,TRUE,TRUE,0,0,0,1,1,3,24,2674,41,86,12,134,32,382,1987,1007.4725,12,29,2.654166739,4.142857143,382
3/12/2026 22:11:50,ia448050,high,yes,27.3073,0,0,0,0,0,0,FALSE,FALSE,FALSE,FALSE,0,0,0,0,0,0,0,27,27,0,0,0,0,0,0,27.3073,0,0,0.9887465989,0,3.857142857
3/12/2026 22:11:54,ia448050,high,yes,27.3073,4.0833,0,0,0,0,0,FALSE,FALSE,FALSE,FALSE,0,0,0,0,0,0,0,37,27,10,0,0,0,0,0,31.3906,0,0,1.178696807,0,5.285714286
3/12/2026 22:11:58,ia448050,high,yes,27.3073,4.0833,4.3334,0,0,0,0,FALSE,FALSE,FALSE,FALSE,0,0,0,0,0,0,0,49,27,10,12,0,0,0,0,35.724,0,0,1.371626917,0,7
3/12/2026 22:12:17,ia448050,high,yes,27.3073,4.0833,4.3334,18.4333,0,0,0,TRUE,FALSE,FALSE,FALSE,0,0,0,0,0,0,0,103,27,10,12,54,0,0,0,54.1573,1,0,1.901867338,0,14.71428571
3/12/2026 22:12:28,ia448050,high,yes,27.3073,4.0833,4.3334,18.4333,11.6,0,0,TRUE,TRUE,FALSE,FALSE,0,0,0,0,0,0,0,121,27,10,12,54,18,0,0,65.7573,2,0,1.840099882,0,17.28571429
3/12/2026 22:13:23,ia448050,high,yes,27.3073,4.0833,4.3334,18.4333,11.6,54.65,0,TRUE,TRUE,TRUE,FALSE,0,0,0,0,0,6,0,259,27,10,12,54,18,138,0,120.4073,3,6,2.151032371,0.8571428571,37
3/14/2026 17:34:46,ma538286,moderate,yes,22.0526,0,0,0,0,0,0,FALSE,FALSE,FALSE,FALSE,0,0,0,0,0,0,0,23,23,0,0,0,0,0,0,22.0526,0,0,1.042960921,0,3.285714286
3/14/2026 17:34:49,ma538286,moderate,yes,22.0526,2.8834,0,0,0,0,0,FALSE,FALSE,FALSE,FALSE,0,0,0,0,0,0,0,35,23,12,0,0,0,0,0,24.936,0,0,1.403593199,0,5
3/14/2026 17:34:53,ma538286,moderate,yes,22.0526,2.8834,4.7417,0,0,0,0,FALSE,FALSE,FALSE,FALSE,0,0,0,0,0,0,0,51,23,12,16,0,0,0,0,29.6777,0,0,1.71846201,0,7.285714286
3/14/2026 17:36:15,ma538286,moderate,yes,22.0526,2.8834,4.7417,82.0747,0,0,0,FALSE,FALSE,FALSE,FALSE,0,0,0,14,0,0,0,486,23,12,16,435,0,0,0,111.7524,0,14,4.348899889,2,69.42857143
3/14/2026 17:36:17,ma538286,moderate,yes,22.0526,2.8834,4.7417,83.2581,0,0,0,FALSE,FALSE,FALSE,FALSE,0,0,0,14,0,0,0,487,23,12,16,436,0,0,0,112.9358,0,14,4.312184445,2,69.57142857
3/14/2026 17:37:25,ma538286,moderate,yes,22.0526,2.8834,4.7417,151.058,0,0,0,TRUE,FALSE,FALSE,FALSE,0,0,0,22,0,0,0,769,23,12,16,718,0,0,0,180.7357,2,22,4.254831779,3.142857143,109.8571429
3/14/2026 17:38:25,ma538286,moderate,yes,22.0526,2.8834,4.7417,151.058,60.4998,0,0,TRUE,TRUE,FALSE,FALSE,0,0,0,22,6,0,0,923,23,12,16,718,154,0,0,241.2355,4,28,3.8261367,4,131.8571429
3/14/2026 17:38:38,ma538286,moderate,yes,22.0526,2.8834,4.7417,151.058,60.4998,13.0073,0,TRUE,TRUE,FALSE,FALSE,0,0,0,22,6,0,0,996,23,12,16,718,154,73,0,254.2428,4,28,3.917515068,4,142.2857143
3/14/2026 18:02:29,na705175,low,yes,4.7652,0,0,0,0,0,0,FALSE,FALSE,FALSE,FALSE,0,0,0,0,0,0,0,0,0,0,0,0,0,0,0,4.7652,0,0,0,0,0
3/14/2026 18:02:30,na705175,low,yes,5.5486,0,0,0,0,0,0,FALSE,FALSE,FALSE,FALSE,0,0,0,0,0,0,0,1,1,0,0,0,0,0,0,5.5486,0,0,0.1802256425,0,0.1428571429
3/14/2026 18:02:30,na705175,low,yes,5.982,0,0,0,0,0,0,FALSE,FALSE,FALSE,FALSE,0,0,0,0,0,0,0,2,2,0,0,0,0,0,0,5.982,0,0,0.3343363424,0,0.2857142857
3/14/2026 18:02:31,na705175,low,yes,6.1903,0,0,0,0,0,0,FALSE,FALSE,FALSE,FALSE,0,0,0,0,0,0,0,3,3,0,0,0,0,0,0,6.1903,0,0,0.4846291779,0,0.4285714286
3/14/2026 18:02:31,na705175,low,yes,6.432,0,0,0,0,0,0,FALSE,FALSE,FALSE,FALSE,0,0,0,0,0,0,0,4,4,0,0,0,0,0,0,6.432,0,0,0.6218905473,0,0.5714285714
3/14/2026 18:02:37,na705175,low,yes,12.1823,0,0,0,0,0,0,FALSE,FALSE,FALSE,FALSE,0,0,0,0,0,0,0,23,23,0,0,0,0,0,0,12.1823,0,0,1.887985027,0,3.285714286
3/14/2026 18:03:14,ia614889,high,yes,34.3601,0,0,0,0,0,0,FALSE,FALSE,FALSE,FALSE,0,0,0,0,0,0,0,3,3,0,0,0,0,0,0,34.3601,0,0,0.08731057244,0,0.4285714286
3/14/2026 18:03:36,ia614889,high,yes,34.3601,22.3343,0,0,0,0,0,FALSE,FALSE,FALSE,FALSE,0,0,0,0,0,0,0,120,3,117,0,0,0,0,0,56.6944,0,0,2.116611164,0,17.14285714
3/14/2026 18:03:36,ia614889,high,yes,34.3601,22.6926,0,0,0,0,0,FALSE,FALSE,FALSE,FALSE,0,0,0,0,0,0,0,122,3,119,0,0,0,0,0,57.0527,0,0,2.138373819,0,17.42857143
3/14/2026 18:03:37,ia614889,high,yes,34.3601,22.5552,0,0,0,0,0,FALSE,FALSE,FALSE,FALSE,0,0,0,0,0,0,0,121,3,118,0,0,0,0,0,56.9153,0,0,2.125966129,0,17.28571429
3/14/2026 18:03:38,ia614889,high,yes,34.3601,23.8677,0,0,0,0,0,FALSE,FALSE,FALSE,FALSE,0,0,0,0,0,0,0,127,3,124,0,0,0,0,0,58.2278,0,0,2.181088758,0,18.14285714
3/14/2026 18:03:38,ia614889,high,yes,34.3601,24.051,0,0,0,0,0,FALSE,FALSE,FALSE,FALSE,0,0,0,0,0,0,0,128,3,125,0,0,0,0,0,58.4111,0,0,2.191364313,0,18.28571429
3/14/2026 18:03:38,ia614889,high,yes,34.3601,24.2093,0,0,0,0,0,FALSE,FALSE,FALSE,FALSE,0,0,0,0,0,0,0,129,3,126,0,0,0,0,0,58.5694,0,0,2.202515307,0,18.42857143
3/14/2026 18:03:39,ia614889,high,yes,34.3601,24.8761,0,0,0,0,0,FALSE,FALSE,FALSE,FALSE,0,0,0,0,0,0,0,130,3,127,0,0,0,0,0,59.2362,0,0,2.194603975,0,18.57142857
3/14/2026 18:04:22,ib895369,high,no,2.5345,0,0,0,0,0,0,FALSE,FALSE,FALSE,FALSE,0,0,0,0,0,0,0,1,1,0,0,0,0,0,0,2.5345,0,0,0.3945551391,0,0.1428571429
3/14/2026 18:04:39,ib895369,high,no,2.5345,17.2633,0,0,0,0,0,FALSE,FALSE,FALSE,FALSE,0,0,0,0,0,0,0,92,1,91,0,0,0,0,0,19.7978,0,0,4.646980978,0,13.14285714
3/14/2026 18:04:40,ib895369,high,no,2.5345,17.4508,0,0,0,0,0,FALSE,FALSE,FALSE,FALSE,0,0,0,0,0,0,0,93,1,92,0,0,0,0,0,19.9853,0,0,4.653420264,0,13.28571429
3/14/2026 18:04:49,na676715,low,yes,3.8652,0,0,0,0,0,0,FALSE,FALSE,FALSE,FALSE,0,0,0,0,0,0,0,8,8,0,0,0,0,0,0,3.8652,0,0,2.069750595,0,1.142857143
3/14/2026 18:05:00,na676715,low,yes,3.8652,10.2545,0,0,0,0,0,FALSE,FALSE,FALSE,FALSE,0,0,0,0,0,0,0,72,8,64,0,0,0,0,0,14.1197,0,0,5.099258483,0,10.28571429
3/14/2026 18:05:04,na676715,low,yes,3.8652,10.2545,3.7044,0,0,0,0,FALSE,FALSE,FALSE,FALSE,0,0,0,0,0,0,0,86,8,64,14,0,0,0,0,17.8241,0,0,4.824928047,0,12.28571429
3/14/2026 18:05:38,ia672206,high,yes,30.9569,0,0,0,0,0,0,FALSE,FALSE,FALSE,FALSE,0,0,0,0,0,0,0,1,1,0,0,0,0,0,0,30.9569,0,0,0.03230297607,0,0.1428571429
3/14/2026 18:05:41,ia672206,high,yes,30.9569,3.0168,0,0,0,0,0,FALSE,FALSE,FALSE,FALSE,0,0,0,0,0,0,0,20,1,19,0,0,0,0,0,33.9737,0,0,0.5886906637,0,2.857142857
3/14/2026 18:05:43,ia672206,high,yes,30.9569,3.0168,1.8626,0,0,0,0,FALSE,FALSE,FALSE,FALSE,0,0,0,0,0,0,0,27,1,19,7,0,0,0,0,35.8363,0,0,0.7534259954,0,3.857142857
3/14/2026 22:09:57,ma138844,moderate,yes,41.5025,0,0,0,0,0,0,FALSE,FALSE,FALSE,FALSE,0,0,0,0,0,0,0,5,5,0,0,0,0,0,0,41.5025,0,0,0.1204746702,0,0.7142857143
3/14/2026 22:10:07,ma138844,moderate,yes,41.5025,10.4666,0,0,0,0,0,FALSE,FALSE,FALSE,FALSE,0,0,0,0,0,0,0,51,5,46,0,0,0,0,0,51.9691,0,0,0.9813523805,0,7.285714286
3/14/2026 22:10:15,ma138844,moderate,yes,41.5025,10.4666,8.2221,0,0,0,0,FALSE,FALSE,FALSE,FALSE,0,0,0,0,0,0,0,65,5,46,14,0,0,0,0,60.1912,0,0,1.079892077,0,9.285714286
3/14/2026 22:13:06,ma138844,moderate,yes,41.5025,10.4666,8.2221,170.5777,0,0,0,FALSE,FALSE,FALSE,FALSE,0,0,0,49,0,0,0,624,5,46,14,559,0,0,0,230.7689,0,49,2.704003876,7,89.14285714
3/14/2026 22:13:07,ma138844,moderate,yes,41.5025,10.4666,8.2221,172.1221,0,0,0,FALSE,FALSE,FALSE,FALSE,0,0,0,49,0,0,0,625,5,46,14,560,0,0,0,232.3133,0,49,2.690332409,7,89.28571429
3/14/2026 22:13:08,ma138844,moderate,yes,41.5025,10.4666,8.2221,172.6777,0,0,0,FALSE,FALSE,FALSE,FALSE,0,0,0,49,0,0,0,627,5,46,14,562,0,0,0,232.8689,0,49,2.69250209,7,89.57142857
3/14/2026 22:13:08,ma138844,moderate,yes,41.5025,10.4666,8.2221,172.4221,0,0,0,FALSE,FALSE,FALSE,FALSE,0,0,0,49,0,0,0,626,5,46,14,561,0,0,0,232.6133,0,49,2.691161683,7,89.42857143
3/14/2026 22:13:08,ma138844,moderate,yes,41.5025,10.4666,8.2221,172.9333,0,0,0,FALSE,FALSE,FALSE,FALSE,0,0,0,49,0,0,0,628,5,46,14,563,0,0,0,233.1245,0,49,2.693839558,7,89.71428571
3/14/2026 22:26:54,ib039763,high,no,7.3578,0,0,0,0,0,0,FALSE,FALSE,FALSE,FALSE,0,0,0,0,0,0,0,5,5,0,0,0,0,0,0,7.3578,0,0,0.6795509527,0,0.7142857143
3/14/2026 22:27:03,ib039763,high,no,7.3578,8.6998,0,0,0,0,0,FALSE,FALSE,FALSE,FALSE,0,0,0,0,0,0,0,25,5,20,0,0,0,0,0,16.0576,0,0,1.556895177,0,3.571428571
3/14/2026 22:27:11,ib039763,high,no,7.3578,8.6998,8.2167,0,0,0,0,FALSE,FALSE,FALSE,FALSE,0,0,1,0,0,0,0,51,5,20,26,0,0,0,0,24.2743,0,1,2.100987464,0.1428571429,7.285714286
3/14/2026 22:28:48,ib039763,high,no,7.3578,8.6998,8.2167,97.0323,0,0,0,TRUE,FALSE,FALSE,FALSE,0,0,1,11,0,0,0,361,5,20,26,310,0,0,0,121.3066,2,12,2.975930411,1.714285714,51.57142857
3/14/2026 22:29:03,ib039763,high,no,7.3578,8.6998,8.2167,97.0323,14.8331,0,0,TRUE,TRUE,FALSE,FALSE,0,0,1,11,0,0,0,389,5,20,26,310,28,0,0,136.1397,3,12,2.857359022,1.714285714,55.57142857
3/14/2026 22:31:12,ib039763,high,no,7.3578,8.6998,8.2167,97.0323,14.8331,129.4486,0,TRUE,TRUE,FALSE,FALSE,0,0,1,11,0,1,0,687,5,20,26,310,28,298,0,265.5883,3,13,2.586710333,1.857142857,98.14285714
3/14/2026 22:33:16,ib039763,high,no,7.3578,8.6998,8.2167,97.0323,14.8331,129.4486,123.4653,TRUE,TRUE,FALSE,FALSE,0,0,1,11,0,1,8,1011,5,20,26,310,28,298,324,389.0536,3,21,2.598613661,3,144.4285714
3/14/2026 22:33:18,ib039763,high,no,7.3578,8.6998,8.2167,97.0323,14.8331,129.4486,123.4653,TRUE,TRUE,FALSE,FALSE,0,0,1,11,0,1,8,1012,5,20,26,310,28,298,325,389.0536,3,21,2.601184001,3,144.5714286
3/14/2026 23:07:50,ia479295,high,yes,13.4685,0,0,0,0,0,0,FALSE,FALSE,FALSE,FALSE,0,0,0,0,0,0,0,7,7,0,0,0,0,0,0,13.4685,0,0,0.5197312247,0,1
3/14/2026 23:07:55,ia479295,high,yes,13.4685,5.0116,0,0,0,0,0,FALSE,FALSE,FALSE,FALSE,0,0,0,0,0,0,0,21,7,14,0,0,0,0,0,18.4801,0,0,1.136357487,0,3
3/14/2026 23:08:01,ia479295,high,yes,13.4685,5.0116,5.8943,0,0,0,0,FALSE,FALSE,FALSE,FALSE,0,0,0,0,0,0,0,37,7,14,16,0,0,0,0,24.3744,0,0,1.517986084,0,5.285714286
3/14/2026 23:08:29,ia479295,high,yes,13.4685,5.0116,5.8943,28.172,0,0,0,TRUE,FALSE,FALSE,FALSE,0,0,0,0,0,0,0,91,7,14,16,54,0,0,0,52.5464,1,0,1.73180275,0,13
3/14/2026 23:08:58,ia479295,high,yes,13.4685,5.0116,5.8943,28.172,29.0712,0,0,TRUE,TRUE,FALSE,FALSE,0,0,0,0,1,0,0,145,7,14,16,54,54,0,0,81.6176,3,1,1.776577601,0.1428571429,20.71428571
3/14/2026 23:09:55,ia479295,high,yes,13.4685,5.0116,5.8943,28.172,29.0712,56.9602,0,TRUE,TRUE,FALSE,FALSE,0,0,0,0,1,3,0,231,7,14,16,54,54,86,0,138.5778,3,4,1.666933665,0.5714285714,33
3/14/2026 23:12:35,ia479295,high,yes,13.4685,5.0116,5.8943,28.172,29.0712,56.9602,160.7407,TRUE,TRUE,FALSE,FALSE,0,0,0,0,1,3,2,543,7,14,16,54,54,86,312,299.3185,3,6,1.814121078,0.8571428571,77.57142857
3/14/2026 23:29:39,ib077080,high,no,37.0857,0,0,0,0,0,0,FALSE,FALSE,FALSE,FALSE,0,0,0,0,0,0,0,0,0,0,0,0,0,0,0,37.0857,0,0,0,0,0
3/14/2026 23:30:10,ib077080,high,no,67.797,0,0,0,0,0,0,FALSE,FALSE,FALSE,FALSE,0,0,0,0,0,0,0,12,12,0,0,0,0,0,0,67.797,0,0,0.1769989823,0,1.714285714
3/14/2026 23:30:21,ib077080,high,no,67.797,11.1625,0,0,0,0,0,FALSE,FALSE,FALSE,FALSE,0,0,0,0,0,0,0,60,12,48,0,0,0,0,0,78.9595,0,0,0.7598832313,0,8.571428571
3/14/2026 23:30:34,ib077080,high,no,67.797,11.1625,13.028,0,0,0,0,FALSE,FALSE,FALSE,FALSE,0,0,1,0,0,0,0,100,12,48,40,0,0,0,0,91.9875,0,1,1.087104226,0.1428571429,14.28571429
3/15/2026 1:20:08,ma865368,moderate,yes,2.0644,0,0,0,0,0,0,FALSE,FALSE,FALSE,FALSE,0,0,0,0,0,0,0,0,0,0,0,0,0,0,0,2.0644,0,0,0,0,0
3/15/2026 1:20:15,ma865368,moderate,yes,8.5649,0,0,0,0,0,0,FALSE,FALSE,FALSE,FALSE,0,0,0,0,0,0,0,12,12,0,0,0,0,0,0,8.5649,0,0,1.401067146,0,1.714285714
3/15/2026 1:20:16,ma865368,moderate,yes,8.5649,1.6509,0,0,0,0,0,FALSE,FALSE,FALSE,FALSE,0,0,0,0,0,0,0,16,12,4,0,0,0,0,0,10.2158,0,0,1.566201374,0,2.285714286
3/15/2026 1:20:25,ma865368,moderate,yes,8.5649,1.6509,9.3442,0,0,0,0,FALSE,FALSE,FALSE,FALSE,0,0,1,0,0,0,0,38,12,4,22,0,0,0,0,19.56,0,1,1.942740286,0.1428571429,5.428571429
3/15/2026 1:55:00,nb273229,low,no,562.8138,0,0,0,0,0,0,FALSE,FALSE,FALSE,FALSE,0,0,0,0,0,0,0,3,3,0,0,0,0,0,0,562.8138,0,0,0.005330359703,0,0.4285714286
3/15/2026 1:55:01,nb273229,low,no,562.8138,1.7551,0,0,0,0,0,FALSE,FALSE,FALSE,FALSE,0,0,0,0,0,0,0,15,3,12,0,0,0,0,0,564.5689,0,0,0.02656894491,0,2.142857143
3/15/2026 1:55:03,nb273229,low,no,562.8138,1.7551,1.6374,0,0,0,0,FALSE,FALSE,FALSE,FALSE,0,0,0,0,0,0,0,23,3,12,8,0,0,0,0,566.2063,0,0,0.04062123646,0,3.285714286
3/15/2026 1:55:45,nb273229,low,no,562.8138,1.7551,1.6374,42.2131,0,0,0,FALSE,FALSE,FALSE,FALSE,0,0,0,23,0,0,0,220,3,12,8,197,0,0,0,608.4194,0,23,0.3615926777,3.285714286,31.42857143
3/15/2026 1:55:54,nb273229,low,no,562.8138,1.7551,1.6374,50.7251,0,0,0,FALSE,FALSE,FALSE,FALSE,0,0,0,26,0,0,0,247,3,12,8,224,0,0,0,616.9314,0,26,0.4003686634,3.714285714,35.28571429
3/15/2026 1:55:54,nb273229,low,no,562.8138,1.7551,1.6374,51.0164,0,0,0,FALSE,FALSE,FALSE,FALSE,0,0,0,26,0,0,0,248,3,12,8,225,0,0,0,617.2227,0,26,0.401799869,3.714285714,35.42857143
3/15/2026 19:01:04,na426623,low,yes,5.8182,0,0,0,0,0,0,FALSE,FALSE,FALSE,FALSE,0,0,0,0,0,0,0,3,3,0,0,0,0,0,0,5.8182,0,0,0.5156233887,0,0.4285714286
3/15/2026 19:01:32,na426623,low,yes,5.8182,27.7914,0,0,0,0,0,FALSE,FALSE,FALSE,FALSE,0,0,0,0,0,0,0,170,3,167,0,0,0,0,0,33.6096,0,0,5.058078644,0,24.28571429
3/15/2026 19:01:37,na426623,low,yes,5.8182,27.7914,5.7717,0,0,0,0,FALSE,FALSE,FALSE,FALSE,0,0,0,0,0,0,0,193,3,167,23,0,0,0,0,39.3813,0,0,4.900803173,0,27.57142857
3/15/2026 19:02:40,na426623,low,yes,5.8182,27.7914,5.7717,62.5966,0,0,0,FALSE,FALSE,FALSE,FALSE,0,0,0,28,0,0,0,350,3,167,23,157,0,0,0,101.9779,0,28,3.432116174,4,50
3/15/2026 19:02:42,na426623,low,yes,5.8182,27.7914,5.7717,64.6052,0,0,0,FALSE,FALSE,FALSE,FALSE,0,0,0,28,0,0,0,351,3,167,23,158,0,0,0,103.9865,0,28,3.375438158,4,50.14285714
3/15/2026 19:03:31,ma318510,moderate,yes,47.4252,0,0,0,0,0,0,FALSE,FALSE,FALSE,FALSE,0,0,0,0,0,0,0,1,1,0,0,0,0,0,0,47.4252,0,0,0.02108583622,0,0.1428571429
3/15/2026 19:03:35,ma318510,moderate,yes,47.4252,3.2797,0,0,0,0,0,FALSE,FALSE,FALSE,FALSE,0,0,0,0,0,0,0,16,1,15,0,0,0,0,0,50.7049,0,0,0.315551357,0,2.285714286
3/15/2026 19:03:36,ma318510,moderate,yes,47.4252,3.2797,1.6002,0,0,0,0,FALSE,FALSE,FALSE,FALSE,0,0,0,0,0,0,0,25,1,15,9,0,0,0,0,52.3051,0,0,0.4779648638,0,3.571428571
3/16/2026 8:44:37,ma934011,moderate,yes,28.3503,0,0,0,0,0,0,FALSE,FALSE,FALSE,FALSE,0,0,0,0,0,0,0,4,4,0,0,0,0,0,0,28.3503,0,0,0.1410919814,0,0.5714285714
3/16/2026 8:44:48,ma934011,moderate,yes,28.3503,10.9657,0,0,0,0,0,FALSE,FALSE,FALSE,FALSE,0,0,0,0,0,0,0,53,4,49,0,0,0,0,0,39.316,0,0,1.348051684,0,7.571428571
3/16/2026 8:44:53,ma934011,moderate,yes,28.3503,10.9657,5.0329,0,0,0,0,FALSE,FALSE,FALSE,FALSE,0,0,0,0,0,0,0,63,4,49,10,0,0,0,0,44.3489,0,0,1.420553836,0,9
3/16/2026 8:45:33,ma934011,moderate,yes,28.3503,10.9657,5.0329,40.2124,0,0,0,TRUE,FALSE,FALSE,FALSE,0,0,0,5,0,0,0,261,4,49,10,198,0,0,0,84.5613,1,5,3.086518301,0.7142857143,37.28571429
3/16/2026 8:45:53,ma934011,moderate,yes,28.3503,10.9657,5.0329,40.2124,19.7979,0,0,TRUE,TRUE,FALSE,FALSE,0,0,0,5,1,0,0,301,4,49,10,198,40,0,0,104.3592,2,6,2.884268948,0.8571428571,43
3/16/2026 8:46:18,ma934011,moderate,yes,28.3503,10.9657,5.0329,40.2124,19.7979,25.6638,0,TRUE,TRUE,FALSE,FALSE,0,0,0,5,1,1,0,399,4,49,10,198,40,98,0,130.023,2,7,3.068687848,1,57
3/16/2026 8:46:55,ma129232,moderate,yes,74.2589,0,0,0,0,0,0,FALSE,FALSE,FALSE,FALSE,0,0,0,0,0,0,0,51,51,0,0,0,0,0,0,74.2589,0,0,0.686786365,0,7.285714286
3/16/2026 8:47:19,ma129232,moderate,yes,74.2589,24.249,0,0,0,0,0,FALSE,FALSE,FALSE,FALSE,0,0,0,0,0,0,0,91,51,40,0,0,0,0,0,98.5079,0,0,0.9237837777,0,13
3/16/2026 8:47:26,ma129232,moderate,yes,74.2589,24.249,7.033,0,0,0,0,FALSE,FALSE,FALSE,FALSE,0,0,0,0,0,0,0,105,51,40,14,0,0,0,0,105.5409,0,0,0.9948749726,0,15
3/16/2026 8:49:18,ma129232,moderate,yes,74.2589,24.249,7.033,112.1281,0,0,0,TRUE,FALSE,FALSE,FALSE,0,0,0,12,0,0,0,425,51,40,14,320,0,0,0,217.669,1,12,1.952505869,1.714285714,60.71428571
3/16/2026 8:50:17,ma934011,moderate,yes,28.3503,10.9657,5.0329,40.2124,19.7979,25.6638,238.7583,TRUE,TRUE,FALSE,FALSE,0,0,0,5,1,1,7,1241,4,49,10,198,40,98,842,368.7813,2,14,3.365138091,2,177.2857143
3/16/2026 8:50:54,ma129232,moderate,yes,74.2589,24.249,7.033,112.1281,96.0456,0,0,TRUE,TRUE,FALSE,FALSE,0,0,0,12,3,0,0,792,51,40,14,320,367,0,0,313.7146,3,15,2.524587635,2.142857143,113.1428571
3/16/2026 8:50:55,ma129232,moderate,yes,74.2589,24.249,7.033,112.1281,96.7956,0,0,TRUE,TRUE,FALSE,FALSE,0,0,0,12,3,0,0,793,51,40,14,320,368,0,0,314.4646,3,15,2.521746486,2.142857143,113.2857143
3/16/2026 8:52:37,ma934011,moderate,yes,28.3503,10.9657,5.0329,40.2124,19.7979,25.6638,238.7583,TRUE,TRUE,FALSE,FALSE,0,0,0,5,1,1,7,1242,4,49,10,198,40,98,843,368.7813,2,14,3.367849726,2,177.4285714
3/16/2026 15:38:56,mb327959,moderate,no,3.8327,0,0,0,0,0,0,FALSE,FALSE,FALSE,FALSE,0,0,0,0,0,0,0,4,4,0,0,0,0,0,0,3.8327,0,0,1.04365069,0,0.5714285714
3/16/2026 15:39:00,mb327959,moderate,no,3.8327,3.9163,0,0,0,0,0,FALSE,FALSE,FALSE,FALSE,0,0,0,0,0,0,0,13,4,9,0,0,0,0,0,7.749,0,0,1.677635824,0,1.857142857
3/16/2026 15:39:04,mb327959,moderate,no,3.8327,3.9163,3.9162,0,0,0,0,FALSE,FALSE,FALSE,FALSE,0,0,0,0,0,0,0,17,4,9,4,0,0,0,0,11.6652,0,0,1.457326064,0,2.428571429
3/16/2026 15:39:10,mb327959,moderate,no,3.8327,3.9163,3.9162,5.7661,0,0,0,FALSE,FALSE,FALSE,FALSE,0,0,0,1,0,0,0,42,4,9,4,25,0,0,0,17.4313,0,1,2.409458847,0.1428571429,6
3/16/2026 15:39:12,nb089503,low,no,1.9244,0,0,0,0,0,0,FALSE,FALSE,FALSE,FALSE,0,0,0,0,0,0,0,3,3,0,0,0,0,0,0,1.9244,0,0,1.558927458,0,0.4285714286
3/16/2026 15:39:14,ia532787,high,yes,2.3547,0,0,0,0,0,0,FALSE,FALSE,FALSE,FALSE,0,0,0,0,0,0,0,1,1,0,0,0,0,0,0,2.3547,0,0,0.4246825498,0,0.1428571429
3/16/2026 15:39:18,ib638166,high,no,4.0569,0,0,0,0,0,0,FALSE,FALSE,FALSE,FALSE,0,0,0,0,0,0,0,1,1,0,0,0,0,0,0,4.0569,0,0,0.2464936281,0,0.1428571429
3/16/2026 15:39:22,ib638166,high,no,4.0569,3.9498,0,0,0,0,0,FALSE,FALSE,FALSE,FALSE,0,0,0,0,0,0,0,7,1,6,0,0,0,0,0,8.0067,0,0,0.8742678007,0,1
3/16/2026 15:39:26,ib638166,high,no,4.0569,3.9498,3.9162,0,0,0,0,FALSE,FALSE,FALSE,FALSE,0,0,0,0,0,0,0,11,1,6,4,0,0,0,0,11.9229,0,0,0.9225943353,0,1.571428571
3/16/2026 15:39:31,ib638166,high,no,4.0569,3.9498,3.9162,4.9161,0,0,0,FALSE,FALSE,FALSE,FALSE,0,0,0,0,0,0,0,27,1,6,4,16,0,0,0,16.839,0,0,1.603420631,0,3.857142857
3/16/2026 15:39:35,ib638166,high,no,4.0569,3.9498,3.9162,4.9161,4.3162,0,0,FALSE,FALSE,FALSE,FALSE,0,0,0,0,0,0,0,39,1,6,4,16,12,0,0,21.1552,0,0,1.843518378,0,5.571428571
3/16/2026 15:39:41,ib638166,high,no,4.0569,3.9498,3.9162,4.9161,4.3162,5.6328,0,FALSE,FALSE,FALSE,FALSE,0,0,0,0,0,0,0,60,1,6,4,16,12,21,0,26.788,0,0,2.23980887,0,8.571428571
3/16/2026 15:39:45,na590702,low,yes,4.2136,0,0,0,0,0,0,FALSE,FALSE,FALSE,FALSE,0,0,0,0,0,0,0,1,1,0,0,0,0,0,0,4.2136,0,0,0.2373267515,0,0.1428571429
3/16/2026 15:39:49,na590702,low,yes,4.2136,3.9164,0,0,0,0,0,FALSE,FALSE,FALSE,FALSE,0,0,0,0,0,0,0,7,1,6,0,0,0,0,0,8.13,0,0,0.8610086101,0,1
3/16/2026 15:39:53,na590702,low,yes,4.2136,3.9164,3.9162,0,0,0,0,FALSE,FALSE,FALSE,FALSE,0,0,0,0,0,0,0,9,1,6,2,0,0,0,0,12.0462,0,0,0.7471235742,0,1.285714286
3/16/2026 15:39:58,na590702,low,yes,4.2136,3.9164,3.9162,4.9995,0,0,0,FALSE,FALSE,FALSE,FALSE,0,0,0,0,0,0,0,27,1,6,2,18,0,0,0,17.0457,0,0,1.583977191,0,3.857142857
3/16/2026 15:40:02,na590702,low,yes,4.2136,3.9164,3.9162,4.9995,4.1162,0,0,FALSE,FALSE,FALSE,FALSE,0,0,0,0,0,0,0,33,1,6,2,18,6,0,0,21.1619,0,0,1.559406291,0,4.714285714
3/16/2026 15:40:07,na590702,low,yes,4.2136,3.9164,3.9162,4.9995,4.1162,4.8827,0,FALSE,FALSE,FALSE,FALSE,0,0,0,0,0,0,0,45,1,6,2,18,6,12,0,26.0446,0,0,1.72780538,0,6.428571429
3/16/2026 15:42:39,na590702,low,yes,4.2136,3.9164,3.9162,4.9995,4.1162,4.8827,152.3008,FALSE,FALSE,FALSE,FALSE,0,0,0,0,0,0,7,296,1,6,2,18,6,12,251,178.3454,0,7,1.659700783,1,42.28571429
3/16/2026 15:42:43,nb206072,low,no,4.2188,0,0,0,0,0,0,FALSE,FALSE,FALSE,FALSE,0,0,0,0,0,0,0,1,1,0,0,0,0,0,0,4.2188,0,0,0.2370342277,0,0.1428571429
3/16/2026 15:42:47,nb206072,low,no,4.2188,3.9164,0,0,0,0,0,FALSE,FALSE,FALSE,FALSE,0,0,0,0,0,0,0,7,1,6,0,0,0,0,0,8.1352,0,0,0.8604582555,0,1
3/16/2026 15:42:51,nb206072,low,no,4.2188,3.9164,3.9162,0,0,0,0,FALSE,FALSE,FALSE,FALSE,0,0,0,0,0,0,0,11,1,6,4,0,0,0,0,12.0514,0,0,0.9127570241,0,1.571428571
3/16/2026 15:42:56,nb206072,low,no,4.2188,3.9164,3.9162,4.4663,0,0,0,FALSE,FALSE,FALSE,FALSE,0,0,0,0,0,0,0,29,1,6,4,18,0,0,0,16.5177,0,0,1.755692378,0,4.142857143
3/16/2026 15:43:00,nb206072,low,no,4.2188,3.9164,3.9162,4.4663,4.1328,0,0,FALSE,FALSE,FALSE,FALSE,0,0,0,0,0,0,0,35,1,6,4,18,6,0,0,20.6505,0,0,1.694874216,0,5
3/16/2026 15:43:05,nb206072,low,no,4.2188,3.9164,3.9162,4.4663,4.1328,4.866,0,FALSE,FALSE,FALSE,FALSE,0,0,0,0,0,0,0,43,1,6,4,18,6,8,0,25.5165,0,0,1.685184097,0,6.142857143
3/16/2026 15:43:17,nb206072,low,no,4.2188,3.9164,3.9162,4.4663,4.1328,4.866,12.4989,FALSE,FALSE,FALSE,FALSE,0,0,0,0,0,0,0,62,1,6,4,18,6,8,19,38.0154,0,0,1.630917996,0,8.857142857
3/16/2026 15:43:21,ib281275,high,no,3.8866,0,0,0,0,0,0,FALSE,FALSE,FALSE,FALSE,0,0,0,0,0,0,0,1,1,0,0,0,0,0,0,3.8866,0,0,0.2572942932,0,0.1428571429
3/16/2026 15:43:25,ib281275,high,no,3.8866,3.9162,0,0,0,0,0,FALSE,FALSE,FALSE,FALSE,0,0,0,0,0,0,0,9,1,8,0,0,0,0,0,7.8028,0,0,1.153432101,0,1.285714286
3/16/2026 15:43:29,ib281275,high,no,3.8866,3.9162,3.9163,0,0,0,0,FALSE,FALSE,FALSE,FALSE,0,0,0,0,0,0,0,15,1,8,6,0,0,0,0,11.7191,0,0,1.279961772,0,2.142857143
3/16/2026 15:43:31,ib281275,high,no,3.8866,3.9162,3.9163,2.4664,0,0,0,FALSE,FALSE,FALSE,FALSE,0,0,0,2,0,0,0,22,1,8,6,7,0,0,0,14.1855,0,2,1.550879419,0.2857142857,3.142857143
3/16/2026 15:43:35,mb446397,moderate,no,3.9327,0,0,0,0,0,0,FALSE,FALSE,FALSE,FALSE,0,0,0,0,0,0,0,2,2,0,0,0,0,0,0,3.9327,0,0,0.5085564625,0,0.2857142857
3/16/2026 15:43:39,mb446397,moderate,no,3.9327,3.9163,0,0,0,0,0,FALSE,FALSE,FALSE,FALSE,0,0,0,0,0,0,0,11,2,9,0,0,0,0,0,7.849,0,0,1.401452414,0,1.571428571
3/16/2026 15:43:43,mb446397,moderate,no,3.9327,3.9163,3.9163,0,0,0,0,FALSE,FALSE,FALSE,FALSE,0,0,0,0,0,0,0,18,2,9,7,0,0,0,0,11.7653,0,0,1.529922739,0,2.571428571
3/16/2026 15:44:15,mb446397,moderate,no,3.9327,3.9163,3.9163,31.93,0,0,0,TRUE,FALSE,FALSE,FALSE,0,0,0,0,0,0,0,103,2,9,7,85,0,0,0,43.6953,1,0,2.357232929,0,14.71428571
3/16/2026 15:44:27,mb446397,moderate,no,3.9327,3.9163,3.9163,31.93,12.3487,0,0,TRUE,TRUE,FALSE,FALSE,0,0,0,0,0,0,0,126,2,9,7,85,23,0,0,56.044,2,0,2.248233531,0,18
3/16/2026 15:44:32,mb446397,moderate,no,3.9327,3.9163,3.9163,31.93,12.3487,5.1662,0,TRUE,TRUE,FALSE,FALSE,0,0,0,0,0,0,0,136,2,9,7,85,23,10,0,61.2102,2,0,2.221851914,0,19.42857143
3/16/2026 15:44:37,mb024384,moderate,no,4.0028,0,0,0,0,0,0,FALSE,FALSE,FALSE,FALSE,0,0,0,0,0,0,0,3,3,0,0,0,0,0,0,4.0028,0,0,0.7494753672,0,0.4285714286
3/16/2026 15:44:40,mb024384,moderate,no,4.0028,3.2163,0,0,0,0,0,FALSE,FALSE,FALSE,FALSE,0,0,0,0,0,0,0,12,3,9,0,0,0,0,0,7.2191,0,0,1.662257068,0,1.714285714
3/16/2026 15:44:42,mb203951,moderate,no,1.7201,0,0,0,0,0,0,FALSE,FALSE,FALSE,FALSE,0,0,0,0,0,0,0,0,0,0,0,0,0,0,0,1.7201,0,0,0,0,0
3/16/2026 15:44:42,nb059454,low,no,0.451,0,0,0,0,0,0,FALSE,FALSE,FALSE,FALSE,0,0,0,0,0,0,0,0,0,0,0,0,0,0,0,0.451,0,0,0,0,0
3/16/2026 15:44:43,mb915720,moderate,no,0.2102,0,0,0,0,0,0,FALSE,FALSE,FALSE,FALSE,0,0,0,0,0,0,0,0,0,0,0,0,0,0,0,0.2102,0,0,0,0,0
3/16/2026 15:44:43,ma603413,moderate,yes,0.154664,0,0,0,0,0,0,FALSE,FALSE,FALSE,FALSE,0,0,0,0,0,0,0,0,0,0,0,0,0,0,0,0.154664,0,0,0,0,0
3/16/2026 15:44:44,ia101585,high,yes,0.2168,0,0,0,0,0,0,FALSE,FALSE,FALSE,FALSE,0,0,0,0,0,0,0,0,0,0,0,0,0,0,0,0.2168,0,0,0,0,0
3/16/2026 15:44:44,ma238237,moderate,yes,0.2195,0,0,0,0,0,0,FALSE,FALSE,FALSE,FALSE,0,0,0,0,0,0,0,0,0,0,0,0,0,0,0,0.2195,0,0,0,0,0
3/16/2026 15:44:44,mb636295,moderate,no,0.1625,0,0,0,0,0,0,FALSE,FALSE,FALSE,FALSE,0,0,0,0,0,0,0,0,0,0,0,0,0,0,0,0.1625,0,0,0,0,0
3/16/2026 15:44:45,na770019,low,yes,0.3042,0,0,0,0,0,0,FALSE,FALSE,FALSE,FALSE,0,0,0,0,0,0,0,0,0,0,0,0,0,0,0,0.3042,0,0,0,0,0
3/16/2026 15:44:45,na442949,low,yes,0.3019,0,0,0,0,0,0,FALSE,FALSE,FALSE,FALSE,0,0,0,0,0,0,0,0,0,0,0,0,0,0,0,0.3019,0,0,0,0,0
3/16/2026 15:44:45,ma392862,moderate,yes,0.17283,0,0,0,0,0,0,FALSE,FALSE,FALSE,FALSE,0,0,0,0,0,0,0,0,0,0,0,0,0,0,0,0.17283,0,0,0,0,0
3/16/2026 15:44:47,na683440,low,yes,0.2723,0,0,0,0,0,0,FALSE,FALSE,FALSE,FALSE,0,0,0,0,0,0,0,0,0,0,0,0,0,0,0,0.2723,0,0,0,0,0
3/16/2026 15:44:48,na021533,low,yes,0.2228,0,0,0,0,0,0,FALSE,FALSE,FALSE,FALSE,0,0,0,0,0,0,0,0,0,0,0,0,0,0,0,0.2228,0,0,0,0,0
3/16/2026 15:44:48,ma827873,moderate,yes,0.2451,0,0,0,0,0,0,FALSE,FALSE,FALSE,FALSE,0,0,0,0,0,0,0,0,0,0,0,0,0,0,0,0.2451,0,0,0,0,0
3/16/2026 15:44:53,ia478852,high,yes,4.5259,0,0,0,0,0,0,FALSE,FALSE,FALSE,FALSE,0,0,0,0,0,0,0,3,3,0,0,0,0,0,0,4.5259,0,0,0.6628515875,0,0.4285714286
3/16/2026 15:44:56,ia478852,high,yes,4.5259,2.4665,0,0,0,0,0,FALSE,FALSE,FALSE,FALSE,0,0,0,0,0,0,0,4,3,1,0,0,0,0,0,6.9924,0,0,0.5720496539,0,0.5714285714
3/16/2026 15:44:57,ib190649,high,no,1.8391,0,0,0,0,0,0,FALSE,FALSE,FALSE,FALSE,0,0,0,0,0,0,0,2,2,0,0,0,0,0,0,1.8391,0,0,1.087488445,0,0.2857142857
3/16/2026 15:45:01,mb220159,moderate,no,4.1219,0,0,0,0,0,0,FALSE,FALSE,FALSE,FALSE,0,0,0,0,0,0,0,5,5,0,0,0,0,0,0,4.1219,0,0,1.213032825,0,0.7142857143
3/16/2026 15:45:05,mb220159,moderate,no,4.1219,3.9495,0,0,0,0,0,FALSE,FALSE,FALSE,FALSE,0,0,0,0,0,0,0,11,5,6,0,0,0,0,0,8.0714,0,0,1.362836683,0,1.571428571
3/16/2026 15:45:09,mb220159,moderate,no,4.1219,3.9495,3.9163,0,0,0,0,FALSE,FALSE,FALSE,FALSE,0,0,0,0,0,0,0,17,5,6,6,0,0,0,0,11.9877,0,0,1.41812024,0,2.428571429
3/16/2026 15:45:13,mb220159,moderate,no,4.1219,3.9495,3.9163,4.2995,0,0,0,FALSE,FALSE,FALSE,FALSE,0,0,0,0,0,0,0,29,5,6,6,12,0,0,0,16.2872,0,0,1.780539319,0,4.142857143
3/16/2026 15:45:17,mb220159,moderate,no,4.1219,3.9495,3.9163,4.2995,4.1328,0,0,FALSE,FALSE,FALSE,FALSE,0,0,0,0,0,0,0,35,5,6,6,12,6,0,0,20.42,0,0,1.714005877,0,5
3/16/2026 15:45:22,mb220159,moderate,no,4.1219,3.9495,3.9163,4.2995,4.1328,4.8829,0,FALSE,FALSE,FALSE,FALSE,0,0,0,0,0,0,0,45,5,6,6,12,6,10,0,25.3029,0,0,1.778452272,0,6.428571429
3/16/2026 15:45:59,mb220159,moderate,no,4.1219,3.9495,3.9163,4.2995,4.1328,4.8829,36.4462,FALSE,FALSE,FALSE,FALSE,0,0,0,0,0,0,2,133,5,6,6,12,6,10,88,61.7491,0,2,2.153877546,0.2857142857,19
3/16/2026 15:46:01,mb220159,moderate,no,4.1219,3.9495,3.9163,4.2995,4.1328,4.8829,36.4462,FALSE,FALSE,FALSE,FALSE,0,0,0,0,0,0,2,136,5,6,6,12,6,10,91,61.7491,0,2,2.20246125,0.2857142857,19.42857143
3/16/2026 15:46:05,ia345310,high,yes,4.2093,0,0,0,0,0,0,FALSE,FALSE,FALSE,FALSE,0,0,0,0,0,0,0,1,1,0,0,0,0,0,0,4.2093,0,0,0.237569192,0,0.1428571429
3/16/2026 15:46:09,ia345310,high,yes,4.2093,3.933,0,0,0,0,0,FALSE,FALSE,FALSE,FALSE,0,0,0,0,0,0,0,7,1,6,0,0,0,0,0,8.1423,0,0,0.8597079449,0,1
3/16/2026 15:46:13,ia345310,high,yes,4.2093,3.933,3.9163,0,0,0,0,FALSE,FALSE,FALSE,FALSE,0,0,0,0,0,0,0,9,1,6,2,0,0,0,0,12.0586,0,0,0.7463552983,0,1.285714286
3/16/2026 21:39:01,nb691697,low,no,43.8684,0,0,0,0,0,0,FALSE,FALSE,FALSE,FALSE,0,0,0,0,0,0,0,5,5,0,0,0,0,0,0,43.8684,0,0,0.1139772593,0,0.7142857143
3/16/2026 21:39:08,ib258203,high,no,7.7362,0,0,0,0,0,0,FALSE,FALSE,FALSE,FALSE,0,0,0,0,0,0,0,7,7,0,0,0,0,0,0,7.7362,0,0,0.9048370001,0,1
3/16/2026 21:39:18,nb691697,low,no,43.8684,17.536,0,0,0,0,0,FALSE,FALSE,FALSE,FALSE,0,0,0,0,0,0,0,59,5,54,0,0,0,0,0,61.4044,0,0,0.9608431969,0,8.428571429
3/16/2026 21:39:19,ib258203,high,no,7.7362,12.0496,0,0,0,0,0,FALSE,FALSE,FALSE,FALSE,0,0,0,0,0,0,0,41,7,34,0,0,0,0,0,19.7858,0,0,2.072193189,0,5.857142857
3/16/2026 21:39:29,ib258203,high,no,7.7362,12.0496,10.1003,0,0,0,0,FALSE,FALSE,FALSE,FALSE,0,0,1,0,0,0,0,77,7,34,36,0,0,0,0,29.8861,0,1,2.576448583,0.1428571429,11
3/16/2026 21:39:32,nb691697,low,no,43.8684,17.536,13.5095,0,0,0,0,FALSE,FALSE,FALSE,FALSE,0,0,0,0,0,0,0,81,5,54,22,0,0,0,0,74.9139,0,0,1.081241265,0,11.57142857
3/16/2026 21:40:32,ib258203,high,no,7.7362,12.0496,10.1003,62.8495,0,0,0,FALSE,FALSE,FALSE,FALSE,0,0,1,10,0,0,0,267,7,34,36,190,0,0,0,92.7356,0,11,2.879153205,1.571428571,38.14285714
3/16/2026 21:40:48,nb691697,low,no,43.8684,17.536,13.5095,75.9155,0,0,0,FALSE,FALSE,FALSE,FALSE,0,0,0,8,0,0,0,284,5,54,22,203,0,0,0,150.8294,0,8,1.88292203,1.142857143,40.57142857
3/16/2026 21:40:50,nb691697,low,no,43.8684,17.536,13.5095,78.1783,0,0,0,FALSE,FALSE,FALSE,FALSE,0,0,0,8,0,0,0,285,5,54,22,204,0,0,0,153.0922,0,8,1.861623257,1.142857143,40.71428571
3/16/2026 21:40:55,ib258203,high,no,7.7362,12.0496,10.1003,62.8495,22.3163,0,0,FALSE,TRUE,FALSE,FALSE,0,0,1,10,1,0,0,323,7,34,36,190,56,0,0,115.0519,2,12,2.807428647,1.714285714,46.14285714
3/16/2026 21:41:45,ib258203,high,no,7.7362,12.0496,10.1003,62.8495,22.3163,50.4494,0,FALSE,TRUE,FALSE,FALSE,0,0,1,10,1,1,0,483,7,34,36,190,56,160,0,165.5013,2,13,2.918406079,1.857142857,69
3/16/2026 21:47:14,ma481713,moderate,yes,28.2426,0,0,0,0,0,0,FALSE,FALSE,FALSE,FALSE,0,0,0,0,0,0,0,7,7,0,0,0,0,0,0,28.2426,0,0,0.2478525348,0,1
3/16/2026 21:47:20,ma481713,moderate,yes,28.2426,5.7818,0,0,0,0,0,FALSE,FALSE,FALSE,FALSE,0,0,0,0,0,0,0,23,7,16,0,0,0,0,0,34.0244,0,0,0.6759854693,0,3.285714286
3/16/2026 21:47:46,ma481713,moderate,yes,28.2426,5.7818,25.8411,0,0,0,0,FALSE,FALSE,FALSE,FALSE,0,0,0,0,0,0,0,33,7,16,10,0,0,0,0,59.8655,0,0,0.5512356867,0,4.714285714
3/16/2026 21:48:15,ma481713,moderate,yes,28.2426,5.7818,25.8411,28.8833,0,0,0,FALSE,FALSE,FALSE,FALSE,0,0,0,5,0,0,0,91,7,16,10,58,0,0,0,88.7488,0,5,1.025365977,0.7142857143,13
3/16/2026 21:48:30,ma481713,moderate,yes,28.2426,5.7818,25.8411,28.8833,15.3833,0,0,FALSE,TRUE,FALSE,FALSE,0,0,0,5,0,0,0,115,7,16,10,58,24,0,0,104.1321,1,5,1.104366473,0.7142857143,16.42857143
3/16/2026 21:48:51,ma481713,moderate,yes,28.2426,5.7818,25.8411,28.8833,15.3833,20.8827,0,FALSE,TRUE,FALSE,FALSE,0,0,0,5,0,1,0,151,7,16,10,58,24,36,0,125.0148,1,6,1.20785699,0.8571428571,21.57142857
3/17/2026 8:42:53,ma698764,moderate,yes,73.5597,0,0,0,0,0,0,FALSE,FALSE,FALSE,FALSE,0,0,0,0,0,0,0,9,9,0,0,0,0,0,0,73.5597,0,0,0.1223496018,0,1.285714286
3/17/2026 8:43:06,ma698764,moderate,yes,73.5597,13.4319,0,0,0,0,0,FALSE,FALSE,FALSE,FALSE,0,0,0,0,0,0,0,48,9,39,0,0,0,0,0,86.9916,0,0,0.551777413,0,6.857142857
3/17/2026 8:43:11,ma698764,moderate,yes,73.5597,13.4319,4.7162,0,0,0,0,FALSE,FALSE,FALSE,FALSE,0,0,0,0,0,0,0,59,9,39,11,0,0,0,0,91.7078,0,0,0.643347676,0,8.428571429
3/17/2026 8:43:35,ma698764,moderate,yes,73.5597,13.4319,4.7162,23.8141,0,0,0,FALSE,FALSE,FALSE,FALSE,0,0,0,1,0,0,0,147,9,39,11,88,0,0,0,115.5219,0,1,1.272485996,0.1428571429,21
3/17/2026 8:44:07,ma698764,moderate,yes,73.5597,13.4319,4.7162,23.8141,32.5632,0,0,FALSE,TRUE,FALSE,FALSE,0,0,0,1,2,0,0,199,9,39,11,88,52,0,0,148.0851,3,3,1.343821897,0.4285714286,28.42857143
3/17/2026 8:52:37,ia007337,high,yes,26.5776,0,0,0,0,0,0,FALSE,FALSE,FALSE,FALSE,0,0,0,0,0,0,0,1,1,0,0,0,0,0,0,26.5776,0,0,0.03762566974,0,0.1428571429
3/17/2026 8:53:01,ia007337,high,yes,26.5776,24.4758,0,0,0,0,0,FALSE,FALSE,FALSE,FALSE,0,0,0,0,0,0,0,57,1,56,0,0,0,0,0,51.0534,0,0,1.116478041,0,8.142857143
3/17/2026 8:53:14,ia007337,high,yes,26.5776,24.4758,12.3544,0,0,0,0,FALSE,FALSE,FALSE,FALSE,0,0,3,0,0,0,0,87,1,56,30,0,0,0,0,63.4078,0,3,1.372070944,0.4285714286,12.42857143
3/17/2026 8:53:49,ia007337,high,yes,26.5776,24.4758,12.3544,35.648,0,0,0,TRUE,FALSE,FALSE,FALSE,0,0,3,1,0,0,0,163,1,56,30,76,0,0,0,99.0558,1,4,1.645537162,0.5714285714,23.28571429
3/17/2026 8:54:15,ia007337,high,yes,26.5776,24.4758,12.3544,35.648,25.2583,0,0,TRUE,TRUE,FALSE,FALSE,0,0,3,1,1,0,0,199,1,56,30,76,36,0,0,124.3141,2,5,1.600783821,0.7142857143,28.42857143
3/17/2026 8:55:47,mb078118,moderate,no,6.4787,0,0,0,0,0,0,FALSE,FALSE,FALSE,FALSE,0,0,0,0,0,0,0,7,7,0,0,0,0,0,0,6.4787,0,0,1.080463673,0,1
3/17/2026 8:56:25,mb078118,moderate,no,6.4787,37.746,0,0,0,0,0,FALSE,FALSE,FALSE,FALSE,0,0,0,0,0,0,0,133,7,126,0,0,0,0,0,44.2247,0,0,3.007369185,0,19
3/17/2026 8:56:29,mb078118,moderate,no,6.4787,37.746,4.1791,0,0,0,0,FALSE,FALSE,FALSE,FALSE,0,0,0,0,0,0,0,141,7,126,8,0,0,0,0,48.4038,0,0,2.912994434,0,20.14285714
3/17/2026 8:56:43,mb078118,moderate,no,6.4787,37.746,4.1791,14.2693,0,0,0,FALSE,FALSE,FALSE,FALSE,0,0,0,1,0,0,0,185,7,126,8,44,0,0,0,62.6731,0,1,2.951824627,0.1428571429,26.42857143
3/17/2026 8:57:08,mb078118,moderate,no,6.4787,37.746,4.1791,14.2693,24.1594,0,0,FALSE,TRUE,FALSE,FALSE,0,0,0,1,1,0,0,245,7,126,8,44,60,0,0,86.8325,2,2,2.821524199,0.2857142857,35
3/17/2026 8:57:50,mb078118,moderate,no,6.4787,37.746,4.1791,14.2693,24.1594,42.4413,0,FALSE,TRUE,FALSE,FALSE,0,0,0,1,1,1,0,323,7,126,8,44,60,78,0,129.2738,2,3,2.498572797,0.4285714286,46.14285714
3/17/2026 8:59:51,mb078118,moderate,no,6.4787,37.746,4.1791,14.2693,24.1594,42.4413,120.8969,FALSE,TRUE,FALSE,FALSE,0,0,0,1,1,1,5,571,7,126,8,44,60,78,248,250.1707,2,8,2.282441549,1.142857143,81.57142857
3/17/2026 9:00:22,na982266,low,yes,32.8659,0,0,0,0,0,0,FALSE,FALSE,FALSE,FALSE,0,0,0,0,0,0,0,4,4,0,0,0,0,0,0,32.8659,0,0,0.121706693,0,0.5714285714
3/17/2026 9:00:26,na982266,low,yes,32.8659,3.9129,0,0,0,0,0,FALSE,FALSE,FALSE,FALSE,0,0,0,0,0,0,0,11,4,7,0,0,0,0,0,36.7788,0,0,0.2990853426,0,1.571428571
3/17/2026 9:00:27,mb078118,moderate,no,6.4787,37.746,4.1791,14.2693,24.1594,42.4413,120.8969,FALSE,TRUE,FALSE,FALSE,0,0,0,1,1,1,5,578,7,126,8,44,60,78,255,250.1707,2,8,2.310422444,1.142857143,82.57142857
3/17/2026 9:00:30,na982266,low,yes,32.8659,3.9129,3.9127,0,0,0,0,FALSE,FALSE,FALSE,FALSE,0,0,0,0,0,0,0,15,4,7,4,0,0,0,0,40.6915,0,0,0.3686273546,0,2.142857143
3/17/2026 9:00:38,na982266,low,yes,32.8659,3.9129,3.9127,7.4427,0,0,0,FALSE,FALSE,FALSE,FALSE,0,0,0,0,0,0,0,37,4,7,4,22,0,0,0,48.1342,0,0,0.7686842204,0,5.285714286
3/17/2026 9:00:42,mb078118,moderate,no,6.4787,37.746,4.1791,14.2693,24.1594,42.4413,120.8969,FALSE,TRUE,FALSE,FALSE,0,0,0,1,1,1,5,579,7,126,8,44,60,78,256,250.1707,2,8,2.314419714,1.142857143,82.71428571
3/17/2026 9:00:42,mb078118,moderate,no,6.4787,37.746,4.1791,14.2693,24.1594,42.4413,120.8969,FALSE,TRUE,FALSE,FALSE,0,0,0,1,1,1,5,580,7,126,8,44,60,78,257,250.1707,2,8,2.318416985,1.142857143,82.85714286
3/17/2026 9:00:43,mb078118,moderate,no,6.4787,37.746,4.1791,14.2693,24.1594,42.4413,120.8969,FALSE,TRUE,FALSE,FALSE,0,0,0,1,1,1,5,581,7,126,8,44,60,78,258,250.1707,2,8,2.322414256,1.142857143,83
3/17/2026 9:00:59,na982266,low,yes,32.8659,3.9129,3.9127,7.4427,21.5453,0,0,FALSE,TRUE,FALSE,FALSE,0,0,0,0,0,0,0,81,4,7,4,22,44,0,0,69.6795,1,0,1.162465287,0,11.57142857
3/17/2026 9:01:17,nb019077,low,no,34.807,0,0,0,0,0,0,FALSE,FALSE,FALSE,FALSE,0,0,0,0,0,0,0,7,7,0,0,0,0,0,0,34.807,0,0,0.2011089723,0,1
3/17/2026 9:01:22,nb019077,low,no,34.807,4.7453,0,0,0,0,0,FALSE,FALSE,FALSE,FALSE,0,0,0,0,0,0,0,21,7,14,0,0,0,0,0,39.5523,0,0,0.5309425748,0,3
3/17/2026 9:01:26,nb019077,low,no,34.807,4.7453,3.9128,0,0,0,0,FALSE,FALSE,FALSE,FALSE,0,0,0,0,0,0,0,27,7,14,6,0,0,0,0,43.4651,0,0,0.6211880336,0,3.857142857
3/17/2026 9:01:27,na982266,low,yes,32.8659,3.9129,3.9127,7.4427,21.5453,27.9888,0,FALSE,TRUE,FALSE,FALSE,0,0,0,0,0,1,0,149,4,7,4,22,44,68,0,97.6683,1,1,1.525571757,0.1428571429,21.28571429
3/17/2026 9:01:51,nb019077,low,no,34.807,4.7453,3.9128,24.9918,0,0,0,FALSE,FALSE,FALSE,FALSE,0,0,0,3,0,0,0,117,7,14,6,90,0,0,0,68.4569,0,3,1.709104561,0.4285714286,16.71428571
3/17/2026 9:02:02,nb019077,low,no,34.807,4.7453,3.9128,24.9918,11.189,0,0,FALSE,TRUE,FALSE,FALSE,0,0,0,3,0,0,0,131,7,14,6,90,14,0,0,79.6459,1,3,1.644780208,0.4285714286,18.71428571
3/17/2026 9:02:20,nb019077,low,no,34.807,4.7453,3.9128,24.9918,11.189,18.0987,0,FALSE,TRUE,FALSE,FALSE,0,0,0,3,0,0,0,151,7,14,6,90,14,20,0,97.7446,1,3,1.544842375,0.4285714286,21.57142857
3/17/2026 9:02:38,nb019077,low,no,34.807,4.7453,3.9128,24.9918,11.189,18.0987,17.6325,FALSE,TRUE,FALSE,FALSE,0,0,0,3,0,0,0,191,7,14,6,90,14,20,40,115.3771,1,3,1.655441158,0.4285714286,27.28571429
3/17/2026 9:02:40,na982266,low,yes,32.8659,3.9129,3.9127,7.4427,21.5453,27.9888,72.8279,FALSE,TRUE,FALSE,FALSE,0,0,0,0,0,1,1,353,4,7,4,22,44,68,204,170.4962,1,2,2.070427376,0.2857142857,50.42857143
3/17/2026 9:02:43,nb019077,low,no,34.807,4.7453,3.9128,24.9918,11.189,18.0987,17.6325,FALSE,TRUE,FALSE,FALSE,0,0,0,3,0,0,0,192,7,14,6,90,14,20,41,115.3771,1,3,1.664108389,0.4285714286,27.42857143
3/17/2026 9:02:43,nb019077,low,no,34.807,4.7453,3.9128,24.9918,11.189,18.0987,17.6325,FALSE,TRUE,FALSE,FALSE,0,0,0,3,0,0,0,193,7,14,6,90,14,20,42,115.3771,1,3,1.67277562,0.4285714286,27.57142857
3/17/2026 9:02:43,nb019077,low,no,34.807,4.7453,3.9128,24.9918,11.189,18.0987,17.6325,FALSE,TRUE,FALSE,FALSE,0,0,0,3,0,0,0,194,7,14,6,90,14,20,43,115.3771,1,3,1.681442851,0.4285714286,27.71428571
3/17/2026 9:02:43,na982266,low,yes,32.8659,3.9129,3.9127,7.4427,21.5453,27.9888,72.8279,FALSE,TRUE,FALSE,FALSE,0,0,0,0,0,1,1,354,4,7,4,22,44,68,205,170.4962,1,2,2.076292609,0.2857142857,50.57142857
3/17/2026 9:02:43,nb019077,low,no,34.807,4.7453,3.9128,24.9918,11.189,18.0987,17.6325,FALSE,TRUE,FALSE,FALSE,0,0,0,3,0,0,0,195,7,14,6,90,14,20,44,115.3771,1,3,1.690110083,0.4285714286,27.85714286
3/17/2026 9:19:06,nb860861,low,no,78.0651,0,0,0,0,0,0,FALSE,FALSE,FALSE,FALSE,0,0,0,0,0,0,0,29,29,0,0,0,0,0,0,78.0651,0,0,0.3714848248,0,4.142857143
3/17/2026 9:19:14,nb860861,low,no,78.0651,7.5992,0,0,0,0,0,FALSE,FALSE,FALSE,FALSE,0,0,0,0,0,0,0,49,29,20,0,0,0,0,0,85.6643,0,0,0.5720002381,0,7
3/17/2026 9:19:19,nb860861,low,no,78.0651,7.5992,5.1161,0,0,0,0,FALSE,FALSE,FALSE,FALSE,0,0,0,0,0,0,0,61,29,20,12,0,0,0,0,90.7804,0,0,0.6719512141,0,8.714285714
3/17/2026 9:27:35,na011577,low,yes,21.8847,0,0,0,0,0,0,FALSE,FALSE,FALSE,FALSE,0,0,0,0,0,0,0,7,7,0,0,0,0,0,0,21.8847,0,0,0.3198581658,0,1
3/17/2026 9:27:39,na011577,low,yes,21.8847,3.9128,0,0,0,0,0,FALSE,FALSE,FALSE,FALSE,0,0,0,0,0,0,0,15,7,8,0,0,0,0,0,25.7975,0,0,0.5814516911,0,2.142857143
3/17/2026 9:27:43,na011577,low,yes,21.8847,3.9128,3.9128,0,0,0,0,FALSE,FALSE,FALSE,FALSE,0,0,0,0,0,0,0,21,7,8,6,0,0,0,0,29.7103,0,0,0.706825579,0,3
3/17/2026 9:28:30,na011577,low,yes,21.8847,3.9128,3.9128,46.8692,0,0,0,FALSE,FALSE,FALSE,FALSE,0,0,0,0,0,0,0,39,7,8,6,18,0,0,0,76.5795,0,0,0.5092746753,0,5.571428571
3/17/2026 9:28:46,mb824016,moderate,no,15.0142,0,0,0,0,0,0,FALSE,FALSE,FALSE,FALSE,0,0,0,0,0,0,0,9,9,0,0,0,0,0,0,15.0142,0,0,0.5994325372,0,1.285714286
3/17/2026 9:28:50,mb824016,moderate,no,15.0142,3.9162,0,0,0,0,0,FALSE,FALSE,FALSE,FALSE,0,0,0,0,0,0,0,15,9,6,0,0,0,0,0,18.9304,0,0,0.7923762836,0,2.142857143
3/17/2026 9:28:54,mb824016,moderate,no,15.0142,3.9162,3.9163,0,0,0,0,FALSE,FALSE,FALSE,FALSE,0,0,0,0,0,0,0,21,9,6,6,0,0,0,0,22.8467,0,0,0.9191699458,0,3
3/17/2026 9:29:12,na011577,low,yes,21.8847,3.9128,3.9128,46.8692,41.7087,0,0,FALSE,TRUE,FALSE,FALSE,0,0,0,0,2,0,0,121,7,8,6,18,82,0,0,118.2882,3,2,1.022925364,0.2857142857,17.28571429
3/17/2026 9:29:24,na011577,low,yes,21.8847,3.9128,3.9128,46.8692,41.7087,12.4044,0,FALSE,TRUE,FALSE,FALSE,0,0,0,0,2,0,0,161,7,8,6,18,82,40,0,130.6926,3,2,1.231898363,0.2857142857,23
3/17/2026 9:29:42,na011577,low,yes,21.8847,3.9128,3.9128,46.8692,41.7087,12.4044,17.6325,FALSE,TRUE,FALSE,FALSE,0,0,0,0,2,0,1,214,7,8,6,18,82,40,53,148.3251,3,3,1.442776711,0.4285714286,30.57142857
3/17/2026 9:31:37,mb824016,moderate,no,15.0142,3.9162,3.9163,162.9842,0,0,0,FALSE,FALSE,FALSE,FALSE,0,0,0,14,0,0,0,363,9,6,6,342,0,0,0,185.8309,0,14,1.953388807,2,51.85714286
3/17/2026 9:31:47,mb824016,moderate,no,15.0142,3.9162,3.9163,162.9842,9.7823,0,0,FALSE,FALSE,FALSE,FALSE,0,0,0,14,0,0,0,385,9,6,6,342,22,0,0,195.6132,0,14,1.968169837,2,55
3/17/2026 9:32:11,ma079054,moderate,yes,108.0577,0,0,0,0,0,0,FALSE,FALSE,FALSE,FALSE,0,0,0,0,0,0,0,7,7,0,0,0,0,0,0,108.0577,0,0,0.06478020539,0,1
3/17/2026 9:32:23,mb824016,moderate,no,15.0142,3.9162,3.9163,162.9842,9.7823,35.7796,0,FALSE,FALSE,FALSE,FALSE,0,0,0,14,0,0,0,449,9,6,6,342,22,64,0,231.3928,0,14,1.940423384,2,64.14285714
3/17/2026 9:32:27,ma079054,moderate,yes,108.0577,15.1816,0,0,0,0,0,FALSE,FALSE,FALSE,FALSE,0,0,0,0,0,0,0,43,7,36,0,0,0,0,0,123.2393,0,0,0.3489146725,0,6.142857143
3/17/2026 9:32:32,ma079054,moderate,yes,108.0577,15.1816,5.2162,0,0,0,0,FALSE,FALSE,FALSE,FALSE,0,0,0,0,0,0,0,71,7,36,28,0,0,0,0,128.4555,0,0,0.552720592,0,10.14285714
3/17/2026 9:34:13,mb824016,moderate,no,15.0142,3.9162,3.9163,162.9842,9.7823,35.7796,110.705,FALSE,FALSE,FALSE,FALSE,0,0,0,14,0,0,7,739,9,6,6,342,22,64,290,342.0978,0,21,2.160200972,3,105.5714286
3/17/2026 9:36:14,nb329771,low,no,30.3448,0,0,0,0,0,0,FALSE,FALSE,FALSE,FALSE,0,0,0,0,0,0,0,5,5,0,0,0,0,0,0,30.3448,0,0,0.1647728771,0,0.7142857143
3/17/2026 9:36:18,nb329771,low,no,30.3448,4.0662,0,0,0,0,0,FALSE,FALSE,FALSE,FALSE,0,0,0,0,0,0,0,11,5,6,0,0,0,0,0,34.411,0,0,0.3196652233,0,1.571428571
3/17/2026 9:36:21,nb329771,low,no,30.3448,4.0662,3.9162,0,0,0,0,FALSE,FALSE,FALSE,FALSE,0,0,0,0,0,0,0,17,5,6,6,0,0,0,0,38.3272,0,0,0.4435492287,0,2.428571429
3/17/2026 9:36:34,nb329771,low,no,30.3448,4.0662,3.9162,12.7988,0,0,0,FALSE,FALSE,FALSE,FALSE,0,0,0,2,0,0,0,63,5,6,6,46,0,0,0,51.126,0,2,1.232249736,0.2857142857,9
3/17/2026 9:37:01,nb329771,low,no,30.3448,4.0662,3.9162,12.7988,26.4638,0,0,FALSE,TRUE,FALSE,FALSE,0,0,0,2,2,0,0,113,5,6,6,46,50,0,0,77.5898,2,4,1.456376998,0.5714285714,16.14285714
3/17/2026 9:37:13,nb329771,low,no,30.3448,4.0662,3.9162,12.7988,26.4638,12.5486,0,FALSE,TRUE,FALSE,FALSE,0,0,0,2,2,0,0,141,5,6,6,46,50,28,0,90.1384,2,4,1.564261181,0.5714285714,20.14285714
3/17/2026 9:37:35,nb329771,low,no,30.3448,4.0662,3.9162,12.7988,26.4638,12.5486,21.7478,FALSE,TRUE,FALSE,FALSE,0,0,0,2,2,0,0,201,5,6,6,46,50,28,60,111.8862,2,4,1.796468197,0.5714285714,28.71428571
3/17/2026 9:38:27,ma079054,moderate,yes,108.0577,15.1816,5.2162,355.18,0,0,0,FALSE,FALSE,FALSE,FALSE,0,0,0,7,0,0,0,128,7,36,28,57,0,0,0,483.6355,0,7,0.2646621267,1,18.28571429
3/17/2026 9:38:38,ma079054,moderate,yes,108.0577,15.1816,5.2162,366.4621,0,0,0,FALSE,FALSE,FALSE,FALSE,0,0,0,7,0,0,0,160,7,36,28,89,0,0,0,494.9176,0,7,0.3232861389,1,22.85714286
3/17/2026 9:39:17,ma079054,moderate,yes,108.0577,15.1816,5.2162,366.4621,38.6126,0,0,FALSE,TRUE,FALSE,FALSE,0,0,0,7,2,0,0,226,7,36,28,89,66,0,0,533.5302,2,9,0.423593641,1.285714286,32.28571429
3/17/2026 9:39:19,nb329771,low,no,30.3448,4.0662,3.9162,12.7988,26.4638,12.5486,21.7478,FALSE,TRUE,FALSE,FALSE,0,0,0,2,2,0,0,202,5,6,6,46,50,28,61,111.8862,2,4,1.80540585,0.5714285714,28.85714286
3/17/2026 9:44:20,mb696284,moderate,no,37.7467,0,0,0,0,0,0,FALSE,FALSE,FALSE,FALSE,0,0,0,0,0,0,0,13,13,0,0,0,0,0,0,37.7467,0,0,0.3444009675,0,1.857142857
3/17/2026 9:44:26,mb696284,moderate,no,37.7467,5.5161,0,0,0,0,0,FALSE,FALSE,FALSE,FALSE,0,0,0,0,0,0,0,33,13,20,0,0,0,0,0,43.2628,0,0,0.7627800327,0,4.714285714
3/17/2026 9:44:31,mb696284,moderate,no,37.7467,5.5161,5.316,0,0,0,0,FALSE,FALSE,FALSE,FALSE,0,0,0,0,0,0,0,51,13,20,18,0,0,0,0,48.5788,0,0,1.049840671,0,7.285714286
3/17/2026 9:44:37,ma079054,moderate,yes,108.0577,15.1816,5.2162,366.4621,38.6126,320.0429,0,FALSE,TRUE,FALSE,FALSE,0,0,0,7,2,0,0,227,7,36,28,89,66,1,0,853.5731,2,9,0.2659409018,1.285714286,32.42857143
3/17/2026 9:44:38,ma079054,moderate,yes,108.0577,15.1816,5.2162,366.4621,38.6126,320.7428,0,FALSE,TRUE,FALSE,FALSE,0,0,0,7,2,0,0,227,7,36,28,89,66,1,0,854.273,2,9,0.2657230183,1.285714286,32.42857143
3/17/2026 9:44:38,ma079054,moderate,yes,108.0577,15.1816,5.2162,366.4621,38.6126,320.5428,0,FALSE,TRUE,FALSE,FALSE,0,0,0,7,2,0,0,227,7,36,28,89,66,1,0,854.073,2,9,0.2657852432,1.285714286,32.42857143
3/17/2026 9:44:38,ma079054,moderate,yes,108.0577,15.1816,5.2162,366.4621,38.6126,320.6428,0,FALSE,TRUE,FALSE,FALSE,0,0,0,7,2,0,0,227,7,36,28,89,66,1,0,854.173,2,9,0.2657541271,1.285714286,32.42857143
3/17/2026 9:44:38,ma079054,moderate,yes,108.0577,15.1816,5.2162,366.4621,38.6126,320.7928,0,FALSE,TRUE,FALSE,FALSE,0,0,0,7,2,0,0,227,7,36,28,89,66,1,0,854.323,2,9,0.2657074666,1.285714286,32.42857143
3/17/2026 9:44:38,ma079054,moderate,yes,108.0577,15.1816,5.2162,366.4621,38.6126,320.6929,0,FALSE,TRUE,FALSE,FALSE,0,0,0,7,2,0,0,227,7,36,28,89,66,1,0,854.2231,2,9,0.2657385407,1.285714286,32.42857143
3/17/2026 9:44:38,ma079054,moderate,yes,108.0577,15.1816,5.2162,366.4621,38.6126,320.5928,0,FALSE,TRUE,FALSE,FALSE,0,0,0,7,2,0,0,227,7,36,28,89,66,1,0,854.123,2,9,0.2657696842,1.285714286,32.42857143
3/17/2026 9:44:38,ma079054,moderate,yes,108.0577,15.1816,5.2162,366.4621,38.6126,320.8428,0,FALSE,TRUE,FALSE,FALSE,0,0,0,7,2,0,0,227,7,36,28,89,66,1,0,854.373,2,9,0.2656919168,1.285714286,32.42857143
3/17/2026 9:44:40,ma079054,moderate,yes,108.0577,15.1816,5.2162,366.4621,38.6126,322.8593,0,FALSE,TRUE,FALSE,FALSE,0,0,0,7,2,0,0,228,7,36,28,89,66,2,0,856.3895,2,9,0.2662339975,1.285714286,32.57142857
3/17/2026 9:44:40,ma079054,moderate,yes,108.0577,15.1816,5.2162,366.4621,38.6126,323.3592,0,FALSE,TRUE,FALSE,FALSE,0,0,0,7,2,0,0,228,7,36,28,89,66,2,0,856.8894,2,9,0.2660786795,1.285714286,32.57142857
3/17/2026 9:44:40,ma079054,moderate,yes,108.0577,15.1816,5.2162,366.4621,38.6126,323.4591,0,FALSE,TRUE,FALSE,FALSE,0,0,0,7,2,0,0,228,7,36,28,89,66,2,0,856.9893,2,9,0.2660476624,1.285714286,32.57142857
3/17/2026 9:44:40,ma079054,moderate,yes,108.0577,15.1816,5.2162,366.4621,38.6126,323.5092,0,FALSE,TRUE,FALSE,FALSE,0,0,0,7,2,0,0,228,7,36,28,89,66,2,0,857.0394,2,9,0.2660321101,1.285714286,32.57142857
3/17/2026 9:44:40,ma079054,moderate,yes,108.0577,15.1816,5.2162,366.4621,38.6126,323.4092,0,FALSE,TRUE,FALSE,FALSE,0,0,0,7,2,0,0,228,7,36,28,89,66,2,0,856.9394,2,9,0.2660631545,1.285714286,32.57142857
3/17/2026 9:44:40,ma079054,moderate,yes,108.0577,15.1816,5.2162,366.4621,38.6126,323.6591,0,FALSE,TRUE,FALSE,FALSE,0,0,0,7,2,0,0,228,7,36,28,89,66,2,0,857.1893,2,9,0.265985588,1.285714286,32.57142857
3/17/2026 9:44:40,ma079054,moderate,yes,108.0577,15.1816,5.2162,366.4621,38.6126,323.5591,0,FALSE,TRUE,FALSE,FALSE,0,0,0,7,2,0,0,228,7,36,28,89,66,2,0,857.0893,2,9,0.2660166216,1.285714286,32.57142857
3/17/2026 9:44:41,ma079054,moderate,yes,108.0577,15.1816,5.2162,366.4621,38.6126,323.6092,0,FALSE,TRUE,FALSE,FALSE,0,0,0,7,2,0,0,228,7,36,28,89,66,2,0,857.1394,2,9,0.2660010729,1.285714286,32.57142857
3/17/2026 9:44:41,ma079054,moderate,yes,108.0577,15.1816,5.2162,366.4621,38.6126,323.7758,0,FALSE,TRUE,FALSE,FALSE,0,0,0,7,2,0,0,228,7,36,28,89,66,2,0,857.306,2,9,0.265949381,1.285714286,32.57142857
3/17/2026 9:44:41,ma079054,moderate,yes,108.0577,15.1816,5.2162,366.4621,38.6126,323.8258,0,FALSE,TRUE,FALSE,FALSE,0,0,0,7,2,0,0,228,7,36,28,89,66,2,0,857.356,2,9,0.2659338711,1.285714286,32.57142857
3/17/2026 9:44:41,ma079054,moderate,yes,108.0577,15.1816,5.2162,366.4621,38.6126,323.7258,0,FALSE,TRUE,FALSE,FALSE,0,0,0,7,2,0,0,228,7,36,28,89,66,2,0,857.256,2,9,0.2659648926,1.285714286,32.57142857
3/17/2026 9:44:41,ma079054,moderate,yes,108.0577,15.1816,5.2162,366.4621,38.6126,323.8758,0,FALSE,TRUE,FALSE,FALSE,0,0,0,7,2,0,0,228,7,36,28,89,66,2,0,857.406,2,9,0.2659183631,1.285714286,32.57142857
3/17/2026 9:44:41,ma079054,moderate,yes,108.0577,15.1816,5.2162,366.4621,38.6126,324.1258,0,FALSE,TRUE,FALSE,FALSE,0,0,0,7,2,0,0,228,7,36,28,89,66,2,0,857.656,2,9,0.2658408499,1.285714286,32.57142857
3/17/2026 9:44:41,ma079054,moderate,yes,108.0577,15.1816,5.2162,366.4621,38.6126,324.0257,0,FALSE,TRUE,FALSE,FALSE,0,0,0,7,2,0,0,228,7,36,28,89,66,2,0,857.5559,2,9,0.2658718808,1.285714286,32.57142857
3/17/2026 9:44:41,ma079054,moderate,yes,108.0577,15.1816,5.2162,366.4621,38.6126,323.9758,0,FALSE,TRUE,FALSE,FALSE,0,0,0,7,2,0,0,228,7,36,28,89,66,2,0,857.506,2,9,0.2658873524,1.285714286,32.57142857
3/17/2026 9:44:41,ma079054,moderate,yes,108.0577,15.1816,5.2162,366.4621,38.6126,324.0758,0,FALSE,TRUE,FALSE,FALSE,0,0,0,7,2,0,0,228,7,36,28,89,66,2,0,857.606,2,9,0.265856349,1.285714286,32.57142857
3/17/2026 9:44:41,ma079054,moderate,yes,108.0577,15.1816,5.2162,366.4621,38.6126,324.2257,0,FALSE,TRUE,FALSE,FALSE,0,0,0,7,2,0,0,228,7,36,28,89,66,2,0,857.7559,2,9,0.2658098883,1.285714286,32.57142857
3/17/2026 9:44:41,ma079054,moderate,yes,108.0577,15.1816,5.2162,366.4621,38.6126,324.2757,0,FALSE,TRUE,FALSE,FALSE,0,0,0,7,2,0,0,228,7,36,28,89,66,2,0,857.8059,2,9,0.2657943947,1.285714286,32.57142857
3/17/2026 9:44:41,ma079054,moderate,yes,108.0577,15.1816,5.2162,366.4621,38.6126,324.1757,0,FALSE,TRUE,FALSE,FALSE,0,0,0,7,2,0,0,228,7,36,28,89,66,2,0,857.7059,2,9,0.2658253837,1.285714286,32.57142857
3/17/2026 9:44:41,ma079054,moderate,yes,108.0577,15.1816,5.2162,366.4621,38.6126,324.3257,0,FALSE,TRUE,FALSE,FALSE,0,0,0,7,2,0,0,228,7,36,28,89,66,2,0,857.8559,2,9,0.265778903,1.285714286,32.57142857
3/17/2026 9:44:41,ma079054,moderate,yes,108.0577,15.1816,5.2162,366.4621,38.6126,324.4257,0,FALSE,TRUE,FALSE,FALSE,0,0,0,7,2,0,0,228,7,36,28,89,66,2,0,857.9559,2,9,0.2657479248,1.285714286,32.57142857
3/17/2026 9:44:41,ma079054,moderate,yes,108.0577,15.1816,5.2162,366.4621,38.6126,324.3757,0,FALSE,TRUE,FALSE,FALSE,0,0,0,7,2,0,0,228,7,36,28,89,66,2,0,857.9059,2,9,0.265763413,1.285714286,32.57142857
3/17/2026 9:44:41,ma079054,moderate,yes,108.0577,15.1816,5.2162,366.4621,38.6126,324.4923,0,FALSE,TRUE,FALSE,FALSE,0,0,0,7,2,0,0,228,7,36,28,89,66,2,0,858.0225,2,9,0.2657272974,1.285714286,32.57142857
3/17/2026 9:44:41,ma079054,moderate,yes,108.0577,15.1816,5.2162,366.4621,38.6126,324.6424,0,FALSE,TRUE,FALSE,FALSE,0,0,0,7,2,0,0,228,7,36,28,89,66,2,0,858.1726,2,9,0.2656808199,1.285714286,32.57142857
3/17/2026 9:44:41,ma079054,moderate,yes,108.0577,15.1816,5.2162,366.4621,38.6126,324.5424,0,FALSE,TRUE,FALSE,FALSE,0,0,0,7,2,0,0,228,7,36,28,89,66,2,0,858.0726,2,9,0.2657117824,1.285714286,32.57142857
3/17/2026 9:44:41,ma079054,moderate,yes,108.0577,15.1816,5.2162,366.4621,38.6126,324.5923,0,FALSE,TRUE,FALSE,FALSE,0,0,0,7,2,0,0,228,7,36,28,89,66,2,0,858.1225,2,9,0.2656963312,1.285714286,32.57142857
3/17/2026 9:44:42,ma079054,moderate,yes,108.0577,15.1816,5.2162,366.4621,38.6126,324.6923,0,FALSE,TRUE,FALSE,FALSE,0,0,0,7,2,0,0,228,7,36,28,89,66,2,0,858.2225,2,9,0.2656653723,1.285714286,32.57142857
3/17/2026 9:44:42,ma079054,moderate,yes,108.0577,15.1816,5.2162,366.4621,38.6126,324.8423,0,FALSE,TRUE,FALSE,FALSE,0,0,0,7,2,0,0,228,7,36,28,89,66,2,0,858.3725,2,9,0.2656189475,1.285714286,32.57142857
3/17/2026 9:44:42,ma079054,moderate,yes,108.0577,15.1816,5.2162,366.4621,38.6126,324.7423,0,FALSE,TRUE,FALSE,FALSE,0,0,0,7,2,0,0,228,7,36,28,89,66,2,0,858.2725,2,9,0.2656498956,1.285714286,32.57142857
3/17/2026 9:44:42,ma079054,moderate,yes,108.0577,15.1816,5.2162,366.4621,38.6126,324.7923,0,FALSE,TRUE,FALSE,FALSE,0,0,0,7,2,0,0,228,7,36,28,89,66,2,0,858.3225,2,9,0.2656344206,1.285714286,32.57142857
3/17/2026 9:44:41,ma079054,moderate,yes,108.0577,15.1816,5.2162,366.4621,38.6126,323.9258,0,FALSE,TRUE,FALSE,FALSE,0,0,0,7,2,0,0,228,7,36,28,89,66,2,0,857.456,2,9,0.2659028568,1.285714286,32.57142857
3/17/2026 9:44:42,ma079054,moderate,yes,108.0577,15.1816,5.2162,366.4621,38.6126,325.009,0,FALSE,TRUE,FALSE,FALSE,0,0,0,7,2,0,0,228,7,36,28,89,66,2,0,858.5392,2,9,0.265567373,1.285714286,32.57142857
3/17/2026 9:44:42,ma079054,moderate,yes,108.0577,15.1816,5.2162,366.4621,38.6126,324.9423,0,FALSE,TRUE,FALSE,FALSE,0,0,0,7,2,0,0,228,7,36,28,89,66,2,0,858.4725,2,9,0.2655880066,1.285714286,32.57142857
3/17/2026 9:44:42,ma079054,moderate,yes,108.0577,15.1816,5.2162,366.4621,38.6126,324.8923,0,FALSE,TRUE,FALSE,FALSE,0,0,0,7,2,0,0,228,7,36,28,89,66,2,0,858.4225,2,9,0.2656034761,1.285714286,32.57142857
3/17/2026 9:44:42,ma079054,moderate,yes,108.0577,15.1816,5.2162,366.4621,38.6126,325.0589,0,FALSE,TRUE,FALSE,FALSE,0,0,0,7,2,0,0,228,7,36,28,89,66,2,0,858.5891,2,9,0.2655519386,1.285714286,32.57142857
3/17/2026 9:44:42,ma079054,moderate,yes,108.0577,15.1816,5.2162,366.4621,38.6126,325.1589,0,FALSE,TRUE,FALSE,FALSE,0,0,0,7,2,0,0,228,7,36,28,89,66,2,0,858.6891,2,9,0.2655210134,1.285714286,32.57142857
3/17/2026 9:44:42,ma079054,moderate,yes,108.0577,15.1816,5.2162,366.4621,38.6126,325.1089,0,FALSE,TRUE,FALSE,FALSE,0,0,0,7,2,0,0,228,7,36,28,89,66,2,0,858.6391,2,9,0.2655364751,1.285714286,32.57142857
3/17/2026 9:44:43,ma079054,moderate,yes,108.0577,15.1816,5.2162,366.4621,38.6126,325.8923,0,FALSE,TRUE,FALSE,FALSE,0,0,0,7,2,0,0,229,7,36,28,89,66,3,0,859.4225,2,9,0.2664579994,1.285714286,32.71428571
3/17/2026 9:44:43,ma079054,moderate,yes,108.0577,15.1816,5.2162,366.4621,38.6126,326.2756,0,FALSE,TRUE,FALSE,FALSE,0,0,0,7,2,0,0,231,7,36,28,89,66,5,0,859.8058,2,9,0.2686653195,1.285714286,33
3/17/2026 9:44:43,ma079054,moderate,yes,108.0577,15.1816,5.2162,366.4621,38.6126,326.0922,0,FALSE,TRUE,FALSE,FALSE,0,0,0,7,2,0,0,230,7,36,28,89,66,4,0,859.6224,2,9,0.2675593377,1.285714286,32.85714286
3/17/2026 9:44:44,mb696284,moderate,no,37.7467,5.5161,5.316,12.8487,0,0,0,FALSE,FALSE,FALSE,FALSE,0,0,0,0,0,0,0,109,13,20,18,58,0,0,0,61.4275,0,0,1.774449554,0,15.57142857
3/17/2026 9:45:10,mb696284,moderate,no,37.7467,5.5161,5.316,12.8487,26.1472,0,0,FALSE,TRUE,FALSE,FALSE,0,0,0,0,1,0,0,171,13,20,18,58,62,0,0,87.5747,1,1,1.952618736,0.1428571429,24.42857143
3/17/2026 9:45:20,mb696284,moderate,no,37.7467,5.5161,5.316,12.8487,26.1472,10.2656,0,FALSE,TRUE,FALSE,FALSE,0,0,0,0,1,0,0,216,13,20,18,58,62,45,0,97.8403,1,1,2.207679249,0.1428571429,30.85714286
3/17/2026 9:45:22,mb696284,moderate,no,37.7467,5.5161,5.316,12.8487,26.1472,12.3821,0,FALSE,TRUE,FALSE,FALSE,0,0,0,0,1,0,0,217,13,20,18,58,62,46,0,99.9568,1,1,2.170937845,0.1428571429,31
3/17/2026 9:45:23,mb696284,moderate,no,37.7467,5.5161,5.316,12.8487,26.1472,12.6321,0,FALSE,TRUE,FALSE,FALSE,0,0,0,0,1,0,0,218,13,20,18,58,62,47,0,100.2068,1,1,2.175501064,0.1428571429,31.14285714
3/17/2026 9:46:34,nb669078,low,no,9.6715,0,0,0,0,0,0,FALSE,FALSE,FALSE,FALSE,0,0,0,0,0,0,0,4,4,0,0,0,0,0,0,9.6715,0,0,0.4135863103,0,0.5714285714
3/17/2026 9:46:36,mb696284,moderate,no,37.7467,5.5161,5.316,12.8487,26.1472,86.3742,0,FALSE,TRUE,FALSE,FALSE,0,0,0,0,1,2,0,324,13,20,18,58,62,153,0,173.9489,1,3,1.862615975,0.4285714286,46.28571429
3/17/2026 9:47:13,ib396160,high,no,31.5004,0,0,0,0,0,0,FALSE,FALSE,FALSE,FALSE,0,0,0,0,0,0,0,13,13,0,0,0,0,0,0,31.5004,0,0,0.4126931722,0,1.857142857
3/17/2026 9:47:17,ib396160,high,no,31.5004,3.9496,0,0,0,0,0,FALSE,FALSE,FALSE,FALSE,0,0,0,0,0,0,0,19,13,6,0,0,0,0,0,35.45,0,0,0.5359661495,0,2.714285714
3/17/2026 9:47:22,ib396160,high,no,31.5004,3.9496,5.2827,0,0,0,0,FALSE,FALSE,FALSE,FALSE,0,0,0,0,0,0,0,29,13,6,10,0,0,0,0,40.7327,0,0,0.7119586966,0,4.142857143
3/17/2026 9:47:41,ib396160,high,no,31.5004,3.9496,5.2827,19.3647,0,0,0,TRUE,FALSE,FALSE,FALSE,0,0,0,0,0,0,0,105,13,6,10,76,0,0,0,60.0974,1,0,1.747163771,0,15
3/17/2026 9:47:58,ib396160,high,no,31.5004,3.9496,5.2827,19.3647,16.2816,0,0,TRUE,TRUE,FALSE,FALSE,0,0,0,0,0,0,0,145,13,6,10,76,40,0,0,76.379,2,0,1.898427578,0,20.71428571
3/17/2026 9:48:08,ib396160,high,no,31.5004,3.9496,5.2827,19.3647,16.2816,10.7822,0,TRUE,TRUE,FALSE,FALSE,0,0,0,0,0,0,0,198,13,6,10,76,40,53,0,87.1612,2,0,2.271652983,0,28.28571429
3/17/2026 9:49:00,ia044176,high,yes,8.6813,0,0,0,0,0,0,FALSE,FALSE,FALSE,FALSE,0,0,0,0,0,0,0,15,15,0,0,0,0,0,0,8.6813,0,0,1.727851819,0,2.142857143
3/17/2026 9:49:09,ib986574,high,no,25.8049,0,0,0,0,0,0,FALSE,FALSE,FALSE,FALSE,0,0,0,0,0,0,0,2,2,0,0,0,0,0,0,25.8049,0,0,0.07750465997,0,0.2857142857
3/17/2026 9:49:10,ma170417,moderate,yes,89.5716,0,0,0,0,0,0,FALSE,FALSE,FALSE,FALSE,0,0,0,0,0,0,0,33,33,0,0,0,0,0,0,89.5716,0,0,0.3684203475,0,4.714285714
3/17/2026 9:49:14,ib986574,high,no,30.121,0,0,0,0,0,0,FALSE,FALSE,FALSE,FALSE,0,0,0,0,0,0,0,10,10,0,0,0,0,0,0,30.121,0,0,0.3319942897,0,1.428571429
3/17/2026 9:49:16,ia044176,high,yes,8.6813,16.065,0,0,0,0,0,FALSE,FALSE,FALSE,FALSE,0,0,0,0,0,0,0,93,15,78,0,0,0,0,0,24.7463,0,0,3.75813758,0,13.28571429
3/17/2026 9:49:18,ib986574,high,no,30.121,4.0496,0,0,0,0,0,FALSE,FALSE,FALSE,FALSE,0,0,0,0,0,0,0,18,10,8,0,0,0,0,0,34.1706,0,0,0.5267686257,0,2.571428571
3/17/2026 9:49:22,ib986574,high,no,30.121,4.0496,4.3329,0,0,0,0,FALSE,FALSE,FALSE,FALSE,0,0,0,0,0,0,0,26,10,8,8,0,0,0,0,38.5035,0,0,0.6752632878,0,3.714285714
3/17/2026 9:49:23,ma170417,moderate,yes,89.5716,13.2327,0,0,0,0,0,FALSE,FALSE,FALSE,FALSE,0,0,0,0,0,0,0,71,33,38,0,0,0,0,0,102.8043,0,0,0.6906325903,0,10.14285714
3/17/2026 9:49:27,ia044176,high,yes,8.6813,16.065,10.8822,0,0,0,0,FALSE,FALSE,FALSE,FALSE,0,0,1,0,0,0,0,117,15,78,24,0,0,0,0,35.6285,0,1,3.283887899,0.1428571429,16.71428571
3/17/2026 9:49:32,ma170417,moderate,yes,89.5716,13.2327,7.983,0,0,0,0,FALSE,FALSE,FALSE,FALSE,0,0,0,0,0,0,0,91,33,38,20,0,0,0,0,110.7873,0,0,0.8213937879,0,13
3/17/2026 9:49:57,ib986574,high,no,30.121,4.0496,4.3329,35.0796,0,0,0,TRUE,FALSE,FALSE,FALSE,0,0,0,2,0,0,0,128,10,8,8,102,0,0,0,73.5831,1,2,1.739529865,0.2857142857,18.28571429
3/17/2026 9:50:36,ma170417,moderate,yes,89.5716,13.2327,7.983,64.3471,0,0,0,FALSE,FALSE,FALSE,FALSE,0,0,0,7,0,0,0,279,33,38,20,188,0,0,0,175.1344,0,7,1.593062242,1,39.85714286
3/17/2026 9:50:57,ib396160,high,no,31.5004,3.9496,5.2827,19.3647,16.2816,179.5083,0,TRUE,TRUE,TRUE,FALSE,0,0,0,0,0,6,0,570,13,6,10,76,40,425,0,255.8873,3,6,2.227543141,0.8571428571,81.42857143
3/17/2026 9:51:15,ma170417,moderate,yes,89.5716,13.2327,7.983,64.3471,38.8648,0,0,FALSE,TRUE,FALSE,FALSE,0,0,0,7,2,0,0,335,33,38,20,188,56,0,0,213.9992,2,9,1.565426413,1.285714286,47.85714286
3/17/2026 9:53:37,ma170417,moderate,yes,89.5716,13.2327,7.983,64.3471,38.8648,142.8268,0,FALSE,TRUE,FALSE,FALSE,0,0,0,7,2,0,0,469,33,38,20,188,56,134,0,356.826,2,9,1.314366106,1.285714286,67
3/17/2026 9:53:45,mb696284,moderate,no,37.7467,5.5161,5.316,12.8487,26.1472,86.3742,428.2883,FALSE,TRUE,FALSE,FALSE,0,0,0,0,1,2,14,1090,13,20,18,58,62,153,766,602.2372,1,17,1.809918085,2.428571429,155.7142857
3/17/2026 9:54:50,ia044176,high,yes,8.6813,16.065,10.8822,323.2658,0,0,0,FALSE,FALSE,FALSE,FALSE,0,0,1,13,0,0,0,677,15,78,24,560,0,0,0,358.8943,0,14,1.886349268,2,96.71428571
3/17/2026 9:54:57,mb696284,moderate,no,37.7467,5.5161,5.316,12.8487,26.1472,86.3742,428.2883,FALSE,TRUE,FALSE,FALSE,0,0,0,0,1,2,14,1091,13,20,18,58,62,153,767,602.2372,1,17,1.811578561,2.428571429,155.8571429
3/17/2026 9:55:09,na533823,low,yes,1.49,0,0,0,0,0,0,FALSE,FALSE,FALSE,FALSE,0,0,0,0,0,0,0,0,0,0,0,0,0,0,0,1.49,0,0,0,0,0
3/17/2026 9:55:09,na533823,low,yes,2.04,0,0,0,0,0,0,FALSE,FALSE,FALSE,FALSE,0,0,0,0,0,0,0,1,1,0,0,0,0,0,0,2.04,0,0,0.4901960784,0,0.1428571429
3/17/2026 9:55:10,na533823,low,yes,2.3399,0,0,0,0,0,0,FALSE,FALSE,FALSE,FALSE,0,0,0,0,0,0,0,2,2,0,0,0,0,0,0,2.3399,0,0,0.8547373819,0,0.2857142857
3/17/2026 9:55:13,ia044176,high,yes,8.6813,16.065,10.8822,323.2658,22.6144,0,0,FALSE,TRUE,FALSE,FALSE,0,0,1,13,1,0,0,733,15,78,24,560,56,0,0,381.5087,1,15,1.921319225,2.142857143,104.7142857
3/17/2026 9:55:47,ia044176,high,yes,8.6813,16.065,10.8822,323.2658,22.6144,34.8796,0,FALSE,TRUE,FALSE,FALSE,0,0,1,13,1,1,0,851,15,78,24,560,56,118,0,416.3883,1,16,2.043765399,2.285714286,121.5714286
3/17/2026 9:56:41,ia044176,high,yes,8.6813,16.065,10.8822,323.2658,22.6144,34.8796,53.2611,FALSE,TRUE,FALSE,FALSE,0,0,1,13,1,1,2,1026,15,78,24,560,56,118,175,469.6494,1,18,2.184608348,2.571428571,146.5714286
3/17/2026 9:56:42,ia044176,high,yes,8.6813,16.065,10.8822,323.2658,22.6144,34.8796,54.0277,FALSE,TRUE,FALSE,FALSE,0,0,1,13,1,1,2,1027,15,78,24,560,56,118,176,470.416,1,18,2.183174042,2.571428571,146.7142857
3/17/2026 9:56:42,ia044176,high,yes,8.6813,16.065,10.8822,323.2658,22.6144,34.8796,54.2776,FALSE,TRUE,FALSE,FALSE,0,0,1,13,1,1,2,1028,15,78,24,560,56,118,177,470.6659,1,18,2.184139535,2.571428571,146.8571429
3/17/2026 9:56:43,ia044176,high,yes,8.6813,16.065,10.8822,323.2658,22.6144,34.8796,55.1608,FALSE,TRUE,FALSE,FALSE,0,0,1,13,1,1,2,1029,15,78,24,560,56,118,178,471.5491,1,18,2.182169365,2.571428571,147
3/17/2026 9:56:43,ia044176,high,yes,8.6813,16.065,10.8822,323.2658,22.6144,34.8796,55.4275,FALSE,TRUE,FALSE,FALSE,0,0,1,13,1,1,2,1030,15,78,24,560,56,118,179,471.8158,1,18,2.183055336,2.571428571,147.1428571
3/17/2026 9:56:43,ia044176,high,yes,8.6813,16.065,10.8822,323.2658,22.6144,34.8796,55.6441,FALSE,TRUE,FALSE,FALSE,0,0,1,13,1,1,2,1031,15,78,24,560,56,118,180,472.0324,1,18,2.184172103,2.571428571,147.2857143
3/17/2026 9:56:45,ia044176,high,yes,8.6813,16.065,10.8822,323.2658,22.6144,34.8796,57.1439,FALSE,TRUE,FALSE,FALSE,0,0,1,13,1,1,2,1032,15,78,24,560,56,118,181,473.5322,1,18,2.179366049,2.571428571,147.4285714
3/17/2026 9:56:45,ia044176,high,yes,8.6813,16.065,10.8822,323.2658,22.6144,34.8796,57.7272,FALSE,TRUE,FALSE,FALSE,0,0,1,13,1,1,2,1033,15,78,24,560,56,118,182,474.1155,1,18,2.178793986,2.571428571,147.5714286
3/17/2026 9:56:45,ia044176,high,yes,8.6813,16.065,10.8822,323.2658,22.6144,34.8796,57.9939,FALSE,TRUE,FALSE,FALSE,0,0,1,13,1,1,2,1034,15,78,24,560,56,118,183,474.3822,1,18,2.179677062,2.571428571,147.7142857
3/17/2026 9:56:45,ia044176,high,yes,8.6813,16.065,10.8822,323.2658,22.6144,34.8796,58.1272,FALSE,TRUE,FALSE,FALSE,0,0,1,13,1,1,2,1035,15,78,24,560,56,118,184,474.5155,1,18,2.181172164,2.571428571,147.8571429
3/17/2026 9:56:46,ia044176,high,yes,8.6813,16.065,10.8822,323.2658,22.6144,34.8796,58.2272,FALSE,TRUE,FALSE,FALSE,0,0,1,13,1,1,2,1036,15,78,24,560,56,118,185,474.6155,1,18,2.182819567,2.571428571,148
3/17/2026 9:57:00,ma170417,moderate,yes,89.5716,13.2327,7.983,64.3471,38.8648,142.8268,202.2406,FALSE,TRUE,FALSE,FALSE,0,0,0,7,2,0,8,852,33,38,20,188,56,134,383,559.0666,2,17,1.523968701,2.428571429,121.7142857
3/17/2026 9:57:40,nb917649,low,no,33.3373,0,0,0,0,0,0,FALSE,FALSE,FALSE,FALSE,0,0,0,0,0,0,0,3,3,0,0,0,0,0,0,33.3373,0,0,0.08998929127,0,0.4285714286
3/17/2026 9:57:46,nb917649,low,no,33.3373,5.9161,0,0,0,0,0,FALSE,FALSE,FALSE,FALSE,0,0,0,0,0,0,0,17,3,14,0,0,0,0,0,39.2534,0,0,0.4330835036,0,2.428571429
3/17/2026 9:58:17,nb917649,low,no,33.3373,5.9161,31.73,0,0,0,0,FALSE,FALSE,FALSE,FALSE,0,0,4,0,0,0,0,95,3,14,78,0,0,0,0,70.9834,0,4,1.338341077,0.5714285714,13.57142857
3/17/2026 10:01:29,ma529108,moderate,yes,11.0014,0,0,0,0,0,0,FALSE,FALSE,FALSE,FALSE,0,0,0,0,0,0,0,13,13,0,0,0,0,0,0,11.0014,0,0,1.181667788,0,1.857142857
3/17/2026 10:01:45,ma529108,moderate,yes,11.0014,15.3485,0,0,0,0,0,FALSE,FALSE,FALSE,FALSE,0,0,0,0,0,0,0,75,13,62,0,0,0,0,0,26.3499,0,0,2.846310612,0,10.71428571
3/17/2026 10:01:51,ma529108,moderate,yes,11.0014,15.3485,6.266,0,0,0,0,FALSE,FALSE,FALSE,FALSE,0,0,0,0,0,0,0,99,13,62,24,0,0,0,0,32.6159,0,0,3.035329395,0,14.14285714
3/17/2026 10:02:24,ma529108,moderate,yes,11.0014,15.3485,6.266,33.3298,0,0,0,FALSE,FALSE,FALSE,FALSE,0,0,0,3,0,0,0,231,13,62,24,132,0,0,0,65.9457,0,3,3.502881916,0.4285714286,33
3/17/2026 10:02:52,ma529108,moderate,yes,11.0014,15.3485,6.266,33.3298,27.7805,0,0,FALSE,TRUE,FALSE,FALSE,0,0,0,3,1,0,0,301,13,62,24,132,70,0,0,93.7262,1,4,3.211481955,0.5714285714,43
3/17/2026 10:03:10,ma529108,moderate,yes,11.0014,15.3485,6.266,33.3298,27.7805,18.048,0,FALSE,TRUE,FALSE,FALSE,0,0,0,3,1,0,0,388,13,62,24,132,70,87,0,111.7742,1,4,3.471284071,0.5714285714,55.42857143
3/17/2026 10:04:16,ma979459,moderate,yes,34.5915,0,0,0,0,0,0,FALSE,FALSE,FALSE,FALSE,0,0,0,0,0,0,0,7,7,0,0,0,0,0,0,34.5915,0,0,0.2023618519,0,1
3/17/2026 10:04:21,ma979459,moderate,yes,34.5915,4.3662,0,0,0,0,0,FALSE,FALSE,FALSE,FALSE,0,0,0,0,0,0,0,16,7,9,0,0,0,0,0,38.9577,0,0,0.4107018638,0,2.285714286
3/17/2026 10:04:25,ma979459,moderate,yes,34.5915,4.3662,4.516,0,0,0,0,FALSE,FALSE,FALSE,FALSE,0,0,0,0,0,0,0,24,7,9,8,0,0,0,0,43.4737,0,0,0.5520579109,0,3.428571429
3/17/2026 10:04:32,ma979459,moderate,yes,34.5915,4.3662,4.516,7.3494,0,0,0,FALSE,FALSE,FALSE,FALSE,0,0,0,0,0,0,0,55,7,9,8,31,0,0,0,50.8231,0,0,1.082185069,0,7.857142857
3/17/2026 10:04:40,ma979459,moderate,yes,34.5915,4.3662,4.516,7.3494,7.4658,0,0,FALSE,FALSE,FALSE,FALSE,0,0,0,0,0,0,0,77,7,9,8,31,22,0,0,58.2889,0,0,1.321006229,0,11
3/17/2026 10:04:54,ma979459,moderate,yes,34.5915,4.3662,4.516,7.3494,7.4658,13.7153,0,FALSE,FALSE,FALSE,FALSE,0,0,0,0,0,0,0,114,7,9,8,31,22,37,0,72.0042,0,0,1.583240978,0,16.28571429
3/17/2026 10:04:55,ma979459,moderate,yes,34.5915,4.3662,4.516,7.3494,7.4658,14.6152,0,FALSE,FALSE,FALSE,FALSE,0,0,0,0,0,0,0,115,7,9,8,31,22,38,0,72.9041,0,0,1.577414713,0,16.42857143
3/17/2026 10:17:16,ib108210,high,no,8.4981,0,0,0,0,0,0,FALSE,FALSE,FALSE,FALSE,0,0,0,0,0,0,0,3,3,0,0,0,0,0,0,8.4981,0,0,0.3530200868,0,0.4285714286
3/17/2026 10:17:22,ib108210,high,no,8.4981,5.6996,0,0,0,0,0,FALSE,FALSE,FALSE,FALSE,0,0,0,0,0,0,0,19,3,16,0,0,0,0,0,14.1977,0,0,1.338244927,0,2.714285714
3/17/2026 10:17:31,ib108210,high,no,8.4981,5.6996,9.3157,0,0,0,0,FALSE,FALSE,FALSE,FALSE,0,0,1,0,0,0,0,57,3,16,38,0,0,0,0,23.5134,0,1,2.424149634,0.1428571429,8.142857143
3/17/2026 10:20:36,ib108210,high,no,8.4981,5.6996,9.3157,185.4321,0,0,0,FALSE,FALSE,FALSE,FALSE,0,0,1,5,0,0,0,167,3,16,38,110,0,0,0,208.9455,0,6,0.7992514795,0.8571428571,23.85714286
3/17/2026 10:21:52,mb102676,moderate,no,5.3339,0,0,0,0,0,0,FALSE,FALSE,FALSE,FALSE,0,0,0,0,0,0,0,0,0,0,0,0,0,0,0,5.3339,0,0,0,0,0
3/17/2026 10:22:18,ib982999,high,no,114.8821,0,0,0,0,0,0,FALSE,FALSE,FALSE,FALSE,0,0,0,0,0,0,0,7,7,0,0,0,0,0,0,114.8821,0,0,0.0609320338,0,1
3/17/2026 10:22:23,ib982999,high,no,114.8821,4.1626,0,0,0,0,0,FALSE,FALSE,FALSE,FALSE,0,0,0,0,0,0,0,13,7,6,0,0,0,0,0,119.0447,0,0,0.1092026776,0,1.857142857
3/17/2026 10:22:31,ib982999,high,no,114.8821,4.1626,8.6082,0,0,0,0,FALSE,FALSE,FALSE,FALSE,0,0,1,0,0,0,0,27,7,6,14,0,0,0,0,127.6529,0,1,0.2115110585,0.1428571429,3.857142857
3/17/2026 10:22:42,ib982999,high,no,114.8821,4.1626,8.6082,11.0723,0,0,0,FALSE,FALSE,FALSE,FALSE,0,0,1,0,0,0,0,69,7,6,14,42,0,0,0,138.7252,0,1,0.4973861995,0.1428571429,9.857142857
3/17/2026 10:23:29,ib982999,high,no,114.8821,4.1626,8.6082,11.0723,46.4207,0,0,FALSE,TRUE,FALSE,FALSE,0,0,1,0,2,0,0,133,7,6,14,42,64,0,0,185.1459,2,3,0.7183523913,0.4285714286,19
3/17/2026 10:23:34,mb486340,moderate,no,15.1324,0,0,0,0,0,0,FALSE,FALSE,FALSE,FALSE,0,0,0,0,0,0,0,3,3,0,0,0,0,0,0,15.1324,0,0,0.1982501123,0,0.4285714286
3/17/2026 10:23:41,mb486340,moderate,no,15.1324,7.1497,0,0,0,0,0,FALSE,FALSE,FALSE,FALSE,0,0,0,0,0,0,0,27,3,24,0,0,0,0,0,22.2821,0,0,1.21173498,0,3.857142857
3/17/2026 10:23:46,mb486340,moderate,no,15.1324,7.1497,5.7664,0,0,0,0,FALSE,FALSE,FALSE,FALSE,0,0,0,0,0,0,0,41,3,24,14,0,0,0,0,28.0485,0,0,1.461753748,0,5.857142857
3/17/2026 10:24:22,mb486340,moderate,no,15.1324,7.1497,5.7664,35.3484,0,0,0,TRUE,FALSE,FALSE,FALSE,0,0,0,3,0,0,0,145,3,24,14,104,0,0,0,63.3969,1,3,2.28717808,0.4285714286,20.71428571
3/17/2026 10:24:50,mb486340,moderate,no,15.1324,7.1497,5.7664,35.3484,28.682,0,0,TRUE,TRUE,FALSE,FALSE,0,0,0,3,2,0,0,201,3,24,14,104,56,0,0,92.0789,2,5,2.182910526,0.7142857143,28.71428571
3/17/2026 10:25:37,mb486340,moderate,no,15.1324,7.1497,5.7664,35.3484,28.682,46.6811,0,TRUE,TRUE,FALSE,FALSE,0,0,0,3,2,0,0,294,3,24,14,104,56,93,0,138.76,2,5,2.118766215,0.7142857143,42
3/17/2026 10:26:57,ib982999,high,no,114.8821,4.1626,8.6082,11.0723,46.4207,208.0438,0,FALSE,TRUE,FALSE,FALSE,0,0,1,0,2,0,0,224,7,6,14,42,64,91,0,393.1897,2,3,0.5696995623,0.4285714286,32
3/17/2026 10:27:02,ib768813,high,no,5.0465,0,0,0,0,0,0,FALSE,FALSE,FALSE,FALSE,0,0,0,0,0,0,0,3,3,0,0,0,0,0,0,5.0465,0,0,0.5944714158,0,0.4285714286
3/17/2026 10:27:06,ib768813,high,no,5.0465,3.996,0,0,0,0,0,FALSE,FALSE,FALSE,FALSE,0,0,0,0,0,0,0,9,3,6,0,0,0,0,0,9.0425,0,0,0.9952999724,0,1.285714286
3/17/2026 10:27:14,mb486340,moderate,no,15.1324,7.1497,5.7664,35.3484,28.682,46.6811,96.3956,TRUE,TRUE,FALSE,FALSE,0,0,0,3,2,0,3,492,3,24,14,104,56,93,198,235.1556,2,8,2.092231697,1.142857143,70.28571429
3/17/2026 10:27:14,mb486340,moderate,no,15.1324,7.1497,5.7664,35.3484,28.682,46.6811,96.8789,TRUE,TRUE,FALSE,FALSE,0,0,0,3,2,0,3,493,3,24,14,104,56,93,199,235.6389,2,8,2.09218427,1.142857143,70.42857143
3/17/2026 10:27:29,mb796970,moderate,no,10.1415,0,0,0,0,0,0,FALSE,FALSE,FALSE,FALSE,0,0,0,0,0,0,0,1,1,0,0,0,0,0,0,10.1415,0,0,0.09860474289,0,0.1428571429
3/17/2026 10:33:16,ib768813,high,no,5.0465,3.996,369.7836,0,0,0,0,FALSE,FALSE,FALSE,FALSE,0,0,0,0,0,0,0,13,3,6,4,0,0,0,0,378.8261,0,0,0.03431653732,0,1.857142857
3/17/2026 10:33:32,ib768813,high,no,5.0465,3.996,369.7836,16.6668,0,0,0,FALSE,FALSE,FALSE,FALSE,0,0,0,4,0,0,0,77,3,6,4,64,0,0,0,395.4929,0,4,0.1946937606,0.5714285714,11
3/17/2026 10:53:37,ia032169,high,yes,5.4597,0,0,0,0,0,0,FALSE,FALSE,FALSE,FALSE,0,0,0,0,0,0,0,0,0,0,0,0,0,0,0,5.4597,0,0,0,0,0
3/17/2026 10:55:25,ia869055,high,yes,2.0131,0,0,0,0,0,0,FALSE,FALSE,FALSE,FALSE,0,0,0,0,0,0,0,0,0,0,0,0,0,0,0,2.0131,0,0,0,0,0
3/17/2026 10:55:26,ia869055,high,yes,3.3118,0,0,0,0,0,0,FALSE,FALSE,FALSE,FALSE,0,0,0,0,0,0,0,1,1,0,0,0,0,0,0,3.3118,0,0,0.3019506009,0,0.1428571429
3/17/2026 10:57:41,ma057323,moderate,yes,6.3873,0,0,0,0,0,0,FALSE,FALSE,FALSE,FALSE,0,0,0,0,0,0,0,5,5,0,0,0,0,0,0,6.3873,0,0,0.7828033754,0,0.7142857143
3/17/2026 10:57:50,ma057323,moderate,yes,6.3873,9.8656,0,0,0,0,0,FALSE,FALSE,FALSE,FALSE,0,0,0,0,0,0,0,25,5,20,0,0,0,0,0,16.2529,0,0,1.538187031,0,3.571428571
3/17/2026 10:57:58,ma057323,moderate,yes,6.3873,9.8656,7.8325,0,0,0,0,FALSE,FALSE,FALSE,FALSE,0,0,1,0,0,0,0,43,5,20,18,0,0,0,0,24.0854,0,1,1.785313925,0.1428571429,6.142857143
3/17/2026 10:58:11,ma057323,moderate,yes,6.3873,9.8656,7.8325,12.5487,0,0,0,FALSE,FALSE,FALSE,FALSE,0,0,1,1,0,0,0,77,5,20,18,34,0,0,0,36.6341,0,2,2.10186684,0.2857142857,11
3/17/2026 10:58:52,ma754972,moderate,yes,21.4352,0,0,0,0,0,0,FALSE,FALSE,FALSE,FALSE,0,0,0,0,0,0,0,11,11,0,0,0,0,0,0,21.4352,0,0,0.5131745913,0,1.571428571
3/17/2026 10:58:53,ma057323,moderate,yes,6.3873,9.8656,7.8325,12.5487,42.2122,0,0,FALSE,TRUE,FALSE,FALSE,0,0,1,1,3,0,0,161,5,20,18,34,84,0,0,78.8463,2,5,2.041947434,0.7142857143,23
3/17/2026 10:58:56,ma754972,moderate,yes,21.4352,3.9163,0,0,0,0,0,FALSE,FALSE,FALSE,FALSE,0,0,0,0,0,0,0,19,11,8,0,0,0,0,0,25.3515,0,0,0.7494625565,0,2.714285714
3/17/2026 10:59:00,ma754972,moderate,yes,21.4352,3.9163,3.9162,0,0,0,0,FALSE,FALSE,FALSE,FALSE,0,0,0,0,0,0,0,23,11,8,4,0,0,0,0,29.2677,0,0,0.7858492468,0,3.285714286
3/17/2026 10:59:13,ma754972,moderate,yes,21.4352,3.9163,3.9162,12.632,0,0,0,FALSE,FALSE,FALSE,FALSE,0,0,0,3,0,0,0,67,11,8,4,44,0,0,0,41.8997,0,3,1.599056795,0.4285714286,9.571428571
3/17/2026 10:59:26,ma754972,moderate,yes,21.4352,3.9163,3.9162,12.632,13.1986,0,0,FALSE,TRUE,FALSE,FALSE,0,0,0,3,0,0,0,93,11,8,4,44,26,0,0,55.0983,1,3,1.687892367,0.4285714286,13.28571429
3/17/2026 10:59:42,ma057323,moderate,yes,6.3873,9.8656,7.8325,12.5487,42.2122,48.6448,0,FALSE,TRUE,FALSE,FALSE,0,0,1,1,3,2,0,289,5,20,18,34,84,128,0,127.4911,2,7,2.2668249,1,41.28571429
3/17/2026 10:59:41,ma754972,moderate,yes,21.4352,3.9163,3.9162,12.632,13.1986,14.7151,0,FALSE,TRUE,FALSE,FALSE,0,0,0,3,0,0,0,139,11,8,4,44,26,46,0,69.8134,1,3,1.991021781,0.4285714286,19.85714286
3/17/2026 11:02:46,ma754972,moderate,yes,21.4352,3.9163,3.9162,12.632,13.1986,14.7151,185.4104,FALSE,TRUE,FALSE,FALSE,0,0,0,3,0,0,3,384,11,8,4,44,26,46,245,255.2238,1,6,1.504561879,0.8571428571,54.85714286
3/17/2026 11:07:17,na042704,low,yes,32.5879,0,0,0,0,0,0,FALSE,FALSE,FALSE,FALSE,0,0,0,0,0,0,0,7,7,0,0,0,0,0,0,32.5879,0,0,0.2148036541,0,1
3/17/2026 11:07:21,na042704,low,yes,32.5879,4.0829,0,0,0,0,0,FALSE,FALSE,FALSE,FALSE,0,0,0,0,0,0,0,15,7,8,0,0,0,0,0,36.6708,0,0,0.4090447986,0,2.142857143
3/17/2026 11:07:25,na042704,low,yes,32.5879,4.0829,4.2496,0,0,0,0,FALSE,FALSE,FALSE,FALSE,0,0,0,0,0,0,0,23,7,8,8,0,0,0,0,40.9204,0,0,0.562066842,0,3.285714286
3/17/2026 11:07:46,na042704,low,yes,32.5879,4.0829,4.2496,21.1978,0,0,0,TRUE,FALSE,FALSE,FALSE,0,0,0,0,0,0,0,105,7,8,8,82,0,0,0,62.1182,1,0,1.690325863,0,15
3/17/2026 11:08:01,ib947681,high,no,4.4878,0,0,0,0,0,0,FALSE,FALSE,FALSE,FALSE,0,0,0,0,0,0,0,1,1,0,0,0,0,0,0,4.4878,0,0,0.2228263292,0,0.1428571429
3/17/2026 11:08:05,ib947681,high,no,4.4878,3.9164,0,0,0,0,0,FALSE,FALSE,FALSE,FALSE,0,0,0,0,0,0,0,9,1,8,0,0,0,0,0,8.4042,0,0,1.070893125,0,1.285714286
3/17/2026 11:08:09,ib947681,high,no,4.4878,3.9164,3.9162,0,0,0,0,FALSE,FALSE,FALSE,FALSE,0,0,0,0,0,0,0,15,1,8,6,0,0,0,0,12.3204,0,0,1.217492939,0,2.142857143
3/17/2026 11:08:26,ib947681,high,no,4.4878,3.9164,3.9162,17.5815,0,0,0,FALSE,FALSE,FALSE,FALSE,0,0,0,4,0,0,0,75,1,8,6,60,0,0,0,29.9019,0,4,2.50820182,0.5714285714,10.71428571
3/17/2026 11:08:31,ib947681,high,no,4.4878,3.9164,3.9162,17.5815,4.6662,0,0,FALSE,FALSE,FALSE,FALSE,0,0,0,4,0,0,0,87,1,8,6,60,12,0,0,34.5681,0,4,2.516771243,0.5714285714,12.42857143
3/17/2026 11:08:38,ib947681,high,no,4.4878,3.9164,3.9162,17.5815,4.6662,7.2326,0,FALSE,FALSE,FALSE,FALSE,0,0,0,4,0,0,0,108,1,8,6,60,12,21,0,41.8007,0,4,2.58368879,0.5714285714,15.42857143
3/17/2026 11:13:37,ma314906,moderate,yes,42.605,0,0,0,0,0,0,FALSE,FALSE,FALSE,FALSE,0,0,0,0,0,0,0,7,7,0,0,0,0,0,0,42.605,0,0,0.1642999648,0,1
3/17/2026 11:13:45,ma314906,moderate,yes,42.605,8.6326,0,0,0,0,0,FALSE,FALSE,FALSE,FALSE,0,0,0,0,0,0,0,31,7,24,0,0,0,0,0,51.2376,0,0,0.6050244352,0,4.428571429
3/17/2026 11:13:50,mb858408,moderate,no,43.9929,0,0,0,0,0,0,FALSE,FALSE,FALSE,FALSE,0,0,0,0,0,0,0,3,3,0,0,0,0,0,0,43.9929,0,0,0.06819282202,0,0.4285714286
3/17/2026 11:13:52,ma314906,moderate,yes,42.605,8.6326,6.6659,0,0,0,0,FALSE,FALSE,FALSE,FALSE,0,0,0,0,0,0,0,39,7,24,8,0,0,0,0,57.9035,0,0,0.673534415,0,5.571428571
3/17/2026 11:14:09,mb858408,moderate,no,43.9929,19.0314,0,0,0,0,0,FALSE,FALSE,FALSE,FALSE,0,0,0,0,0,0,0,69,3,66,0,0,0,0,0,63.0243,0,0,1.094815809,0,9.857142857
3/17/2026 11:14:16,mb858408,moderate,no,43.9929,19.0314,6.0992,0,0,0,0,FALSE,FALSE,FALSE,FALSE,0,0,0,0,0,0,0,79,3,66,10,0,0,0,0,69.1235,0,0,1.142881943,0,11.28571429
3/17/2026 11:16:18,ma314906,moderate,yes,42.605,8.6326,6.6659,146.2846,0,0,0,TRUE,FALSE,FALSE,FALSE,0,0,0,19,0,0,0,345,7,24,8,306,0,0,0,204.1881,1,19,1.689618543,2.714285714,49.28571429
3/17/2026 11:16:36,nb397997,low,no,35.6567,0,0,0,0,0,0,FALSE,FALSE,FALSE,FALSE,0,0,0,0,0,0,0,1,1,0,0,0,0,0,0,35.6567,0,0,0.02804522011,0,0.1428571429
3/17/2026 11:16:44,nb397997,low,no,35.6567,8.4251,0,0,0,0,0,FALSE,FALSE,FALSE,FALSE,0,0,0,0,0,0,0,13,1,12,0,0,0,0,0,44.0818,0,0,0.2949062879,0,1.857142857
3/17/2026 11:16:53,nb397997,low,no,35.6567,8.4251,9.5572,0,0,0,0,FALSE,FALSE,FALSE,FALSE,0,0,0,0,0,0,0,23,1,12,10,0,0,0,0,53.639,0,0,0.4287924831,0,3.285714286
3/17/2026 11:17:12,ma314906,moderate,yes,42.605,8.6326,6.6659,146.2846,54.011,0,0,TRUE,TRUE,FALSE,FALSE,0,0,0,19,2,0,0,425,7,24,8,306,80,0,0,258.1991,3,21,1.646016582,3,60.71428571
3/17/2026 11:17:16,nb397997,low,no,35.6567,8.4251,9.5572,22.3778,0,0,0,FALSE,FALSE,FALSE,FALSE,0,0,0,2,0,0,0,87,1,12,10,64,0,0,0,76.0168,0,2,1.144483851,0.2857142857,12.42857143
3/17/2026 11:17:38,nb397997,low,no,35.6567,8.4251,9.5572,22.3778,22.5443,0,0,FALSE,TRUE,FALSE,FALSE,0,0,0,2,0,0,0,117,1,12,10,64,30,0,0,98.5611,1,2,1.187080907,0.2857142857,16.71428571
3/17/2026 11:17:49,ma314906,moderate,yes,42.605,8.6326,6.6659,146.2846,54.011,36.5461,0,TRUE,TRUE,FALSE,FALSE,0,0,0,19,2,0,0,504,7,24,8,306,80,79,0,294.7452,3,21,1.709951511,3,72
3/17/2026 11:17:49,ma314906,moderate,yes,42.605,8.6326,6.6659,146.2846,54.011,37.2127,0,TRUE,TRUE,FALSE,FALSE,0,0,0,19,2,0,0,505,7,24,8,306,80,80,0,295.4118,3,21,1.709478091,3,72.14285714
3/17/2026 11:17:50,ma314906,moderate,yes,42.605,8.6326,6.6659,146.2846,54.011,37.696,0,TRUE,TRUE,FALSE,FALSE,0,0,0,19,2,0,0,506,7,24,8,306,80,81,0,295.8951,3,21,1.710065493,3,72.28571429
3/17/2026 11:17:52,nb397997,low,no,35.6567,8.4251,9.5572,22.3778,22.5443,13.2869,0,FALSE,TRUE,FALSE,FALSE,0,0,0,2,0,0,0,160,1,12,10,64,30,43,0,111.848,1,2,1.430512839,0.2857142857,22.85714286
3/17/2026 11:17:53,ma314906,moderate,yes,42.605,8.6326,6.6659,146.2846,54.011,40.2957,0,TRUE,TRUE,FALSE,FALSE,0,0,0,19,2,0,0,513,7,24,8,306,80,88,0,298.4948,3,21,1.718622904,3,73.28571429
3/17/2026 11:17:53,nb397997,low,no,35.6567,8.4251,9.5572,22.3778,22.5443,14.3525,0,FALSE,TRUE,FALSE,FALSE,0,0,0,2,0,0,0,161,1,12,10,64,30,44,0,112.9136,1,2,1.425868983,0.2857142857,23
3/17/2026 11:17:54,nb397997,low,no,35.6567,8.4251,9.5572,22.3778,22.5443,15.9842,0,FALSE,TRUE,FALSE,FALSE,0,0,0,2,0,0,0,162,1,12,10,64,30,45,0,114.5453,1,2,1.414287622,0.2857142857,23.14285714
3/17/2026 11:21:31,mb858408,moderate,no,43.9929,19.0314,6.0992,435.5541,0,0,0,TRUE,FALSE,FALSE,FALSE,0,0,0,50,0,0,0,1405,3,66,10,1326,0,0,0,504.6776,6,50,2.783955539,7.142857143,200.7142857
3/17/2026 11:22:18,mb858408,moderate,no,43.9929,19.0314,6.0992,435.5541,46.6784,0,0,TRUE,TRUE,FALSE,FALSE,0,0,0,50,3,0,0,1483,3,66,10,1326,78,0,0,551.356,8,53,2.689732224,7.571428571,211.8571429
3/17/2026 11:22:44,mb858408,moderate,no,43.9929,19.0314,6.0992,435.5541,46.6784,26.3139,0,TRUE,TRUE,FALSE,FALSE,0,0,0,50,3,0,0,1574,3,66,10,1326,78,91,0,577.6699,8,53,2.72473951,7.571428571,224.8571429
3/17/2026 11:23:00,mb858408,moderate,no,43.9929,19.0314,6.0992,435.5541,46.6784,42.3789,0,TRUE,TRUE,FALSE,FALSE,0,0,0,50,3,0,0,1659,3,66,10,1326,78,176,0,593.7349,8,53,2.794176323,7.571428571,237
3/17/2026 11:47:14,na769150,low,yes,237.4072,0,0,0,0,0,0,FALSE,FALSE,FALSE,FALSE,0,0,0,0,0,0,0,5,5,0,0,0,0,0,0,237.4072,0,0,0.02106086083,0,0.7142857143
3/17/2026 11:47:19,na769150,low,yes,237.4072,4.6621,0,0,0,0,0,FALSE,FALSE,FALSE,FALSE,0,0,0,0,0,0,0,13,5,8,0,0,0,0,0,242.0693,0,0,0.0537036295,0,1.857142857
3/17/2026 11:47:23,na769150,low,yes,237.4072,4.6621,4.5954,0,0,0,0,FALSE,FALSE,FALSE,FALSE,0,0,0,0,0,0,0,21,5,8,8,0,0,0,0,246.6647,0,0,0.08513581392,0,3
3/17/2026 11:48:12,na769150,low,yes,237.4072,4.6621,4.5954,49.1347,0,0,0,FALSE,FALSE,FALSE,FALSE,0,0,0,2,0,0,0,219,5,8,8,198,0,0,0,295.7994,0,2,0.7403666133,0.2857142857,31.28571429
3/17/2026 11:48:34,na769150,low,yes,237.4072,4.6621,4.5954,49.1347,21.7285,0,0,FALSE,FALSE,FALSE,FALSE,0,0,0,2,0,0,0,292,5,8,8,198,73,0,0,317.5279,0,2,0.9196042301,0.2857142857,41.71428571
3/17/2026 11:49:10,na769150,low,yes,237.4072,4.6621,4.5954,49.1347,57.5929,0,0,FALSE,TRUE,FALSE,FALSE,0,0,0,2,1,0,0,360,5,8,8,198,141,0,0,353.3923,1,3,1.018697917,0.4285714286,51.42857143
3/17/2026 11:49:40,na769150,low,yes,237.4072,4.6621,4.5954,49.1347,57.5929,30.0702,0,FALSE,TRUE,FALSE,FALSE,0,0,0,2,1,0,0,426,5,8,8,198,141,66,0,383.4625,1,3,1.110930013,0.4285714286,60.85714286
3/17/2026 11:56:05,ma325624,moderate,yes,34.5054,0,0,0,0,0,0,FALSE,FALSE,FALSE,FALSE,0,0,0,0,0,0,0,1,1,0,0,0,0,0,0,34.5054,0,0,0.02898097109,0,0.1428571429
3/17/2026 11:56:10,ma325624,moderate,yes,34.5054,4.8664,0,0,0,0,0,FALSE,FALSE,FALSE,FALSE,0,0,0,0,0,0,0,11,1,10,0,0,0,0,0,39.3718,0,0,0.2793877852,0,1.571428571
3/17/2026 11:56:15,ma325624,moderate,yes,34.5054,4.8664,5.1327,0,0,0,0,FALSE,FALSE,FALSE,FALSE,0,0,0,0,0,0,0,27,1,10,16,0,0,0,0,44.5045,0,0,0.6066802233,0,3.857142857
3/17/2026 11:57:11,ma325624,moderate,yes,34.5054,4.8664,5.1327,55.5276,0,0,0,TRUE,FALSE,FALSE,FALSE,0,0,0,4,0,0,0,209,1,10,16,182,0,0,0,100.0321,1,4,2.089329325,0.5714285714,29.85714286
3/17/2026 11:57:34,ma325624,moderate,yes,34.5054,4.8664,5.1327,55.5276,23.2808,0,0,TRUE,TRUE,FALSE,FALSE,0,0,0,4,1,0,0,287,1,10,16,182,78,0,0,123.3129,2,5,2.327412623,0.7142857143,41
3/17/2026 11:57:51,ma325624,moderate,yes,34.5054,4.8664,5.1327,55.5276,23.2808,16.6816,0,TRUE,TRUE,FALSE,FALSE,0,0,0,4,1,0,0,338,1,10,16,182,78,51,0,139.9945,2,5,2.414380565,0.7142857143,48.28571429
3/17/2026 11:58:06,ma325624,moderate,yes,34.5054,4.8664,5.1327,55.5276,23.2808,31.98,0,TRUE,TRUE,FALSE,FALSE,0,0,0,4,1,0,0,373,1,10,16,182,78,86,0,155.2929,2,5,2.401912773,0.7142857143,53.28571429
3/17/2026 11:58:06,ma325624,moderate,yes,34.5054,4.8664,5.1327,55.5276,23.2808,32.18,0,TRUE,TRUE,FALSE,FALSE,0,0,0,4,1,0,0,373,1,10,16,182,78,86,0,155.4929,2,5,2.398823355,0.7142857143,53.28571429
3/17/2026 11:58:06,ma325624,moderate,yes,34.5054,4.8664,5.1327,55.5276,23.2808,32.2132,0,TRUE,TRUE,FALSE,FALSE,0,0,0,4,1,0,0,373,1,10,16,182,78,86,0,155.5261,2,5,2.39831128,0.7142857143,53.28571429
3/17/2026 11:58:06,ma325624,moderate,yes,34.5054,4.8664,5.1327,55.5276,23.2808,32.3299,0,TRUE,TRUE,FALSE,FALSE,0,0,0,4,1,0,0,373,1,10,16,182,78,86,0,155.6428,2,5,2.396513041,0.7142857143,53.28571429
3/17/2026 11:58:06,ma325624,moderate,yes,34.5054,4.8664,5.1327,55.5276,23.2808,32.3633,0,TRUE,TRUE,FALSE,FALSE,0,0,0,4,1,0,0,373,1,10,16,182,78,86,0,155.6762,2,5,2.395998875,0.7142857143,53.28571429
3/17/2026 11:58:06,ma325624,moderate,yes,34.5054,4.8664,5.1327,55.5276,23.2808,32.3966,0,TRUE,TRUE,FALSE,FALSE,0,0,0,4,1,0,0,373,1,10,16,182,78,86,0,155.7095,2,5,2.395486467,0.7142857143,53.28571429
3/17/2026 11:58:07,ma325624,moderate,yes,34.5054,4.8664,5.1327,55.5276,23.2808,32.2966,0,TRUE,TRUE,FALSE,FALSE,0,0,0,4,1,0,0,373,1,10,16,182,78,86,0,155.6095,2,5,2.397025889,0.7142857143,53.28571429
3/17/2026 11:58:07,ma325624,moderate,yes,34.5054,4.8664,5.1327,55.5276,23.2808,32.2632,0,TRUE,TRUE,FALSE,FALSE,0,0,0,4,1,0,0,373,1,10,16,182,78,86,0,155.5761,2,5,2.397540496,0.7142857143,53.28571429
3/17/2026 11:58:07,ma325624,moderate,yes,34.5054,4.8664,5.1327,55.5276,23.2808,32.2466,0,TRUE,TRUE,FALSE,FALSE,0,0,0,4,1,0,0,373,1,10,16,182,78,86,0,155.5595,2,5,2.397796342,0.7142857143,53.28571429
3/17/2026 11:58:09,ma325624,moderate,yes,34.5054,4.8664,5.1327,55.5276,23.2808,34.7963,0,TRUE,TRUE,FALSE,FALSE,0,0,0,4,1,0,0,374,1,10,16,182,78,87,0,158.1092,2,5,2.36545375,0.7142857143,53.42857143
3/17/2026 11:58:09,ma325624,moderate,yes,34.5054,4.8664,5.1327,55.5276,23.2808,35.0796,0,TRUE,TRUE,FALSE,FALSE,0,0,0,4,1,0,0,375,1,10,16,182,78,88,0,158.3925,2,5,2.367536342,0.7142857143,53.57142857
3/17/2026 11:58:11,ma325624,moderate,yes,34.5054,4.8664,5.1327,55.5276,23.2808,36.9462,0,TRUE,TRUE,FALSE,FALSE,0,0,0,4,1,0,0,376,1,10,16,182,78,89,0,160.2591,2,5,2.346200621,0.7142857143,53.71428571
3/17/2026 11:58:17,ma325624,moderate,yes,34.5054,4.8664,5.1327,55.5276,23.2808,43.1622,0,TRUE,TRUE,FALSE,FALSE,0,0,0,4,1,0,0,389,1,10,16,182,78,102,0,166.4751,2,5,2.336685787,0.7142857143,55.57142857
3/17/2026 11:58:18,ma325624,moderate,yes,34.5054,4.8664,5.1327,55.5276,23.2808,43.6621,0,TRUE,TRUE,FALSE,FALSE,0,0,0,4,1,0,0,390,1,10,16,182,78,103,0,166.975,2,5,2.335678994,0.7142857143,55.71428571
3/17/2026 11:58:18,ma325624,moderate,yes,34.5054,4.8664,5.1327,55.5276,23.2808,43.8287,0,TRUE,TRUE,FALSE,FALSE,0,0,0,4,1,0,0,391,1,10,16,182,78,104,0,167.1416,2,5,2.339333834,0.7142857143,55.85714286
3/17/2026 11:58:18,ma325624,moderate,yes,34.5054,4.8664,5.1327,55.5276,23.2808,43.9787,0,TRUE,TRUE,FALSE,FALSE,0,0,0,4,1,0,0,392,1,10,16,182,78,105,0,167.2916,2,5,2.343213885,0.7142857143,56
3/17/2026 11:58:23,ma325624,moderate,yes,34.5054,4.8664,5.1327,55.5276,23.2808,48.8782,0,TRUE,TRUE,FALSE,FALSE,0,0,0,4,1,0,0,393,1,10,16,182,78,106,0,172.1911,2,5,2.282347926,0.7142857143,56.14285714
3/17/2026 11:58:25,na715973,low,yes,37.3385,0,0,0,0,0,0,FALSE,FALSE,FALSE,FALSE,0,0,0,0,0,0,0,13,13,0,0,0,0,0,0,37.3385,0,0,0.348166102,0,1.857142857
3/17/2026 11:58:39,na715973,low,yes,37.3385,13.9485,0,0,0,0,0,FALSE,FALSE,FALSE,FALSE,0,0,0,0,0,0,0,45,13,32,0,0,0,0,0,51.287,0,0,0.8774153294,0,6.428571429
3/17/2026 11:58:51,na715973,low,yes,37.3385,13.9485,11.5321,0,0,0,0,FALSE,FALSE,FALSE,FALSE,0,0,0,0,0,0,0,63,13,32,18,0,0,0,0,62.8191,0,0,1.002879697,0,9
3/17/2026 11:59:00,na652673,low,yes,36.918,0,0,0,0,0,0,FALSE,FALSE,FALSE,FALSE,0,0,0,0,0,0,0,5,5,0,0,0,0,0,0,36.918,0,0,0.135435289,0,0.7142857143
3/17/2026 11:59:04,na652673,low,yes,36.918,3.983,0,0,0,0,0,FALSE,FALSE,FALSE,FALSE,0,0,0,0,0,0,0,11,5,6,0,0,0,0,0,40.901,0,0,0.2689420797,0,1.571428571
3/17/2026 11:59:08,na652673,low,yes,36.918,3.983,4.2662,0,0,0,0,FALSE,FALSE,FALSE,FALSE,0,0,0,0,0,0,0,19,5,6,8,0,0,0,0,45.1672,0,0,0.4206592394,0,2.714285714
3/17/2026 11:59:12,ma436835,moderate,yes,8.7573,0,0,0,0,0,0,FALSE,FALSE,FALSE,FALSE,0,0,0,0,0,0,0,12,12,0,0,0,0,0,0,8.7573,0,0,1.370285362,0,1.714285714
3/17/2026 11:59:17,ma436835,moderate,yes,8.7573,5.3493,0,0,0,0,0,FALSE,FALSE,FALSE,FALSE,0,0,0,0,0,0,0,23,12,11,0,0,0,0,0,14.1066,0,0,1.630442488,0,3.285714286
3/17/2026 11:59:24,na652673,low,yes,36.918,3.983,4.2662,16.2816,0,0,0,TRUE,FALSE,FALSE,FALSE,0,0,0,0,0,0,0,83,5,6,8,64,0,0,0,61.4488,1,0,1.350717996,0,11.85714286
3/17/2026 11:59:29,ma436835,moderate,yes,8.7573,5.3493,12.5154,0,0,0,0,FALSE,FALSE,FALSE,FALSE,0,0,3,0,0,0,0,47,12,11,24,0,0,0,0,26.622,0,3,1.765457141,0.4285714286,6.714285714
3/17/2026 11:59:38,na652673,low,yes,36.918,3.983,4.2662,16.2816,13.5486,0,0,TRUE,TRUE,FALSE,FALSE,0,0,0,0,0,0,0,115,5,6,8,64,32,0,0,74.9974,2,0,1.533386491,0,16.42857143
3/17/2026 11:59:57,na652673,low,yes,36.918,3.983,4.2662,16.2816,13.5486,19.0313,0,TRUE,TRUE,FALSE,FALSE,0,0,0,0,0,0,0,170,5,6,8,64,32,55,0,94.0287,2,0,1.807958634,0,24.28571429
3/17/2026 12:00:15,ma436835,moderate,yes,8.7573,5.3493,12.5154,45.1286,0,0,0,FALSE,FALSE,FALSE,FALSE,0,0,3,3,0,0,0,185,12,11,24,138,0,0,0,71.7506,0,6,2.578375651,0.8571428571,26.42857143
3/17/2026 12:00:24,na757243,low,yes,27.1467,0,0,0,0,0,0,FALSE,FALSE,FALSE,FALSE,0,0,0,0,0,0,0,5,5,0,0,0,0,0,0,27.1467,0,0,0.1841844497,0,0.7142857143
3/17/2026 12:00:29,na757243,low,yes,27.1467,4.6495,0,0,0,0,0,FALSE,FALSE,FALSE,FALSE,0,0,0,0,0,0,0,19,5,14,0,0,0,0,0,31.7962,0,0,0.5975556828,0,2.714285714
3/17/2026 12:00:34,na757243,low,yes,27.1467,4.6495,4.9495,0,0,0,0,FALSE,FALSE,FALSE,FALSE,0,0,0,0,0,0,0,29,5,14,10,0,0,0,0,36.7457,0,0,0.789207989,0,4.142857143
3/17/2026 12:00:37,ma436835,moderate,yes,8.7573,5.3493,12.5154,45.1286,22.0143,0,0,FALSE,TRUE,FALSE,FALSE,0,0,3,3,1,0,0,217,12,11,24,138,32,0,0,93.7649,1,7,2.314298847,1,31
3/17/2026 12:00:50,na757243,low,yes,27.1467,4.6495,4.9495,16.9316,0,0,0,TRUE,FALSE,FALSE,FALSE,0,0,0,0,0,0,0,89,5,14,10,60,0,0,0,53.6773,1,0,1.658056571,0,12.71428571
3/17/2026 12:00:52,ma436835,moderate,yes,8.7573,5.3493,12.5154,45.1286,22.0143,14.4485,0,FALSE,TRUE,FALSE,FALSE,0,0,3,3,1,0,0,268,12,11,24,138,32,51,0,108.2134,1,7,2.476587927,1,38.28571429
3/17/2026 12:00:52,na715973,low,yes,37.3385,13.9485,11.5321,121.4539,0,0,0,FALSE,FALSE,FALSE,FALSE,0,0,0,20,0,0,0,359,13,32,18,296,0,0,0,184.273,0,20,1.948196426,2.857142857,51.28571429
3/17/2026 12:00:55,ma436835,moderate,yes,8.7573,5.3493,12.5154,45.1286,22.0143,18.7481,0,FALSE,TRUE,FALSE,FALSE,0,0,3,3,1,0,0,269,12,11,24,138,32,52,0,112.513,1,7,2.390834837,1,38.42857143
3/17/2026 12:00:57,ma443652,moderate,yes,290.8473,0,0,0,0,0,0,FALSE,FALSE,FALSE,FALSE,0,0,0,0,0,0,0,9,9,0,0,0,0,0,0,290.8473,0,0,0.03094407271,0,1.285714286
3/17/2026 12:01:01,ma443652,moderate,yes,290.8473,3.9829,0,0,0,0,0,FALSE,FALSE,FALSE,FALSE,0,0,0,0,0,0,0,15,9,6,0,0,0,0,0,294.8302,0,0,0.05087674193,0,2.142857143
3/17/2026 12:01:05,ma443652,moderate,yes,290.8473,3.9829,3.9163,0,0,0,0,FALSE,FALSE,FALSE,FALSE,0,0,0,0,0,0,0,19,9,6,4,0,0,0,0,298.7465,0,0,0.06359907145,0,2.714285714
3/17/2026 12:01:09,na757243,low,yes,27.1467,4.6495,4.9495,16.9316,18.2147,0,0,TRUE,TRUE,FALSE,FALSE,0,0,0,0,0,0,0,109,5,14,10,60,20,0,0,71.892,2,0,1.516163134,0,15.57142857
3/17/2026 12:01:20,na757243,low,yes,27.1467,4.6495,4.9495,16.9316,18.2147,11.2655,0,TRUE,TRUE,FALSE,FALSE,0,0,0,0,0,0,0,120,5,14,10,60,20,11,0,83.1575,2,0,1.443044825,0,17.14285714
3/17/2026 12:01:25,ma443652,moderate,yes,290.8473,3.9829,3.9163,19.7145,0,0,0,FALSE,FALSE,FALSE,FALSE,0,0,0,4,0,0,0,99,9,6,4,80,0,0,0,318.461,0,4,0.3108700908,0.5714285714,14.14285714
3/17/2026 12:01:37,ma443652,moderate,yes,290.8473,3.9829,3.9163,19.7145,12.1321,0,0,FALSE,TRUE,FALSE,FALSE,0,0,0,4,0,0,0,113,9,6,4,80,14,0,0,330.5931,1,4,0.3418099168,0.5714285714,16.14285714
3/17/2026 12:01:41,na715973,low,yes,37.3385,13.9485,11.5321,121.4539,49.1948,0,0,FALSE,FALSE,FALSE,FALSE,0,0,0,20,2,0,0,433,13,32,18,296,74,0,0,233.4678,0,22,1.85464548,3.142857143,61.85714286
3/17/2026 12:02:03,ib848472,high,no,50.509,0,0,0,0,0,0,FALSE,FALSE,FALSE,FALSE,0,0,0,0,0,0,0,23,23,0,0,0,0,0,0,50.509,0,0,0.4553643905,0,3.285714286
3/17/2026 12:02:07,ib848472,high,no,50.509,4.0496,0,0,0,0,0,FALSE,FALSE,FALSE,FALSE,0,0,0,0,0,0,0,33,23,10,0,0,0,0,0,54.5586,0,0,0.6048542301,0,4.714285714
3/17/2026 12:02:11,ib848472,high,no,50.509,4.0496,3.9163,0,0,0,0,FALSE,FALSE,FALSE,FALSE,0,0,0,0,0,0,0,39,23,10,6,0,0,0,0,58.4749,0,0,0.6669528293,0,5.571428571
3/17/2026 12:02:19,ib848472,high,no,50.509,4.0496,3.9163,7.5325,0,0,0,FALSE,FALSE,FALSE,FALSE,0,0,0,0,0,0,0,67,23,10,6,28,0,0,0,66.0074,0,0,1.015037708,0,9.571428571
3/17/2026 12:02:34,nb686658,low,no,46.0782,0,0,0,0,0,0,FALSE,FALSE,FALSE,FALSE,0,0,0,0,0,0,0,9,9,0,0,0,0,0,0,46.0782,0,0,0.1953201297,0,1.285714286
3/17/2026 12:02:38,nb686658,low,no,46.0782,3.9165,0,0,0,0,0,FALSE,FALSE,FALSE,FALSE,0,0,0,0,0,0,0,15,9,6,0,0,0,0,0,49.9947,0,0,0.3000318034,0,2.142857143
3/17/2026 12:02:43,nb881136,low,no,49.8386,0,0,0,0,0,0,FALSE,FALSE,FALSE,FALSE,0,0,0,0,0,0,0,19,19,0,0,0,0,0,0,49.8386,0,0,0.3812306124,0,2.714285714
3/17/2026 12:02:44,nb686658,low,no,46.0782,3.9165,5.6663,0,0,0,0,FALSE,FALSE,FALSE,FALSE,0,0,0,0,0,0,0,25,9,6,10,0,0,0,0,55.661,0,0,0.449147518,0,3.571428571
3/17/2026 12:02:52,ib848472,high,no,50.509,4.0496,3.9163,7.5325,33.1965,0,0,FALSE,TRUE,FALSE,FALSE,0,0,0,0,3,0,0,121,23,10,6,28,54,0,0,99.2039,2,3,1.219710112,0.4285714286,17.28571429
3/17/2026 12:02:54,ma443652,moderate,yes,290.8473,3.9829,3.9163,19.7145,12.1321,77.0252,0,FALSE,TRUE,FALSE,FALSE,0,0,0,4,0,0,0,299,9,6,4,80,14,186,0,407.6183,1,4,0.7335293828,0.5714285714,42.71428571
3/17/2026 12:02:57,nb881136,low,no,49.8386,13.7327,0,0,0,0,0,FALSE,FALSE,FALSE,FALSE,0,0,0,0,0,0,0,49,19,30,0,0,0,0,0,63.5713,0,0,0.7707880758,0,7
3/17/2026 12:02:58,nb686658,low,no,46.0782,3.9165,5.6663,14.6327,0,0,0,FALSE,FALSE,FALSE,FALSE,0,0,0,0,0,0,0,104,9,6,10,79,0,0,0,70.2937,0,0,1.479506698,0,14.85714286
3/17/2026 12:03:08,nb881136,low,no,49.8386,13.7327,11.5995,0,0,0,0,FALSE,FALSE,FALSE,FALSE,0,0,0,0,0,0,0,71,19,30,22,0,0,0,0,75.1708,0,0,0.9445156896,0,10.14285714
3/17/2026 12:03:12,nb686658,low,no,46.0782,3.9165,5.6663,14.6327,13.7327,0,0,FALSE,TRUE,FALSE,FALSE,0,0,0,0,0,0,0,137,9,6,10,79,33,0,0,84.0264,1,0,1.630439957,0,19.57142857
3/17/2026 12:03:13,ib848472,high,no,50.509,4.0496,3.9163,7.5325,33.1965,21.1644,0,FALSE,TRUE,FALSE,FALSE,0,0,0,0,3,0,0,172,23,10,6,28,54,51,0,120.3683,2,3,1.428947655,0.4285714286,24.57142857
3/17/2026 12:03:16,mb738268,moderate,no,55.1606,0,0,0,0,0,0,FALSE,FALSE,FALSE,FALSE,0,0,0,0,0,0,0,5,5,0,0,0,0,0,0,55.1606,0,0,0.09064440923,0,0.7142857143
3/17/2026 12:03:22,mb738268,moderate,no,55.1606,5.8775,0,0,0,0,0,FALSE,FALSE,FALSE,FALSE,0,0,0,0,0,0,0,21,5,16,0,0,0,0,0,61.0381,0,0,0.3440474065,0,3
3/17/2026 12:03:29,mb738268,moderate,no,55.1606,5.8775,7.6173,0,0,0,0,FALSE,FALSE,FALSE,FALSE,0,0,0,0,0,0,0,33,5,16,12,0,0,0,0,68.6554,0,0,0.4806613901,0,4.714285714
3/17/2026 12:03:43,mb738268,moderate,no,55.1606,5.8775,7.6173,13.52,0,0,0,FALSE,FALSE,FALSE,FALSE,0,0,0,0,0,0,0,67,5,16,12,34,0,0,0,82.1754,0,0,0.8153291618,0,9.571428571
3/17/2026 12:03:55,nb881136,low,no,49.8386,13.7327,11.5995,46.1979,0,0,0,TRUE,FALSE,FALSE,FALSE,0,0,0,2,0,0,0,165,19,30,22,94,0,0,0,121.3687,1,2,1.35949384,0.2857142857,23.57142857
3/17/2026 12:03:55,mb738268,moderate,no,55.1606,5.8775,7.6173,13.52,12.1547,0,0,FALSE,TRUE,FALSE,FALSE,0,0,0,0,0,0,0,83,5,16,12,34,16,0,0,94.3301,1,0,0.879888816,0,11.85714286
3/17/2026 12:03:58,nb686658,low,no,46.0782,3.9165,5.6663,14.6327,13.7327,46.2145,0,FALSE,TRUE,FALSE,FALSE,0,0,0,0,0,1,0,281,9,6,10,79,33,144,0,130.2409,1,1,2.157540373,0.1428571429,40.14285714
3/17/2026 12:04:04,mb738268,moderate,no,55.1606,5.8775,7.6173,13.52,12.1547,9.2741,0,FALSE,TRUE,FALSE,FALSE,0,0,0,0,0,0,0,112,5,16,12,34,16,29,0,103.6042,1,0,1.081037255,0,16
3/17/2026 12:04:12,na715973,low,yes,37.3385,13.9485,11.5321,121.4539,49.1948,150.3342,0,FALSE,FALSE,FALSE,FALSE,0,0,0,20,2,1,0,681,13,32,18,296,74,248,0,383.802,0,23,1.7743524,3.285714286,97.28571429
3/17/2026 12:04:33,nb881136,low,no,49.8386,13.7327,11.5995,46.1979,38.5982,0,0,TRUE,TRUE,FALSE,FALSE,0,0,0,2,1,0,0,229,19,30,22,94,64,0,0,159.9669,2,3,1.431546151,0.4285714286,32.71428571
3/17/2026 12:04:35,nb787414,low,no,47.6635,0,0,0,0,0,0,FALSE,FALSE,FALSE,FALSE,0,0,0,0,0,0,0,7,7,0,0,0,0,0,0,47.6635,0,0,0.1468629035,0,1
3/17/2026 12:04:37,mb738268,moderate,no,55.1606,5.8775,7.6173,13.52,12.1547,41.5254,0,FALSE,TRUE,FALSE,FALSE,0,0,0,0,0,0,0,186,5,16,12,34,16,103,0,135.8555,1,0,1.369101729,0,26.57142857
3/17/2026 12:04:43,nb787414,low,no,47.6635,7.8755,0,0,0,0,0,FALSE,FALSE,FALSE,FALSE,0,0,0,0,0,0,0,29,7,22,0,0,0,0,0,55.539,0,0,0.5221556024,0,4.142857143
3/17/2026 12:04:50,nb787414,low,no,47.6635,7.8755,6.2772,0,0,0,0,FALSE,FALSE,FALSE,FALSE,0,0,0,0,0,0,0,43,7,22,14,0,0,0,0,61.8162,0,0,0.6956105357,0,6.142857143
3/17/2026 12:05:08,nb881136,low,no,49.8386,13.7327,11.5995,46.1979,38.5982,35.1649,0,TRUE,TRUE,FALSE,FALSE,0,0,0,2,1,0,0,307,19,30,22,94,64,78,0,195.1318,2,3,1.573295588,0.4285714286,43.85714286
3/17/2026 12:05:10,nb686658,low,no,46.0782,3.9165,5.6663,14.6327,13.7327,46.2145,71.7468,FALSE,TRUE,FALSE,FALSE,0,0,0,0,0,1,1,523,9,6,10,79,33,144,242,201.9877,1,2,2.589266574,0.2857142857,74.71428571
3/17/2026 12:05:39,nb156208,low,no,55.9682,0,0,0,0,0,0,FALSE,FALSE,FALSE,FALSE,0,0,0,0,0,0,0,9,9,0,0,0,0,0,0,55.9682,0,0,0.1608056003,0,1.285714286
3/17/2026 12:05:44,nb787414,low,no,47.6635,7.8755,6.2772,54.8456,0,0,0,TRUE,FALSE,FALSE,FALSE,0,0,0,3,0,0,0,247,7,22,14,204,0,0,0,116.6618,1,3,2.117231176,0.4285714286,35.28571429
3/17/2026 12:05:46,nb156208,low,no,55.9682,7.0763,0,0,0,0,0,FALSE,FALSE,FALSE,FALSE,0,0,0,0,0,0,0,25,9,16,0,0,0,0,0,63.0445,0,0,0.3965452974,0,3.571428571
3/17/2026 12:05:55,nb156208,low,no,55.9682,7.0763,9.041,0,0,0,0,FALSE,FALSE,FALSE,FALSE,0,0,0,0,0,0,0,55,9,16,30,0,0,0,0,72.0855,0,0,0.7629828468,0,7.857142857
3/17/2026 12:06:24,nb686658,low,no,46.0782,3.9165,5.6663,14.6327,13.7327,46.2145,71.7468,FALSE,TRUE,FALSE,FALSE,0,0,0,0,0,1,1,524,9,6,10,79,33,144,243,201.9877,1,2,2.594217371,0.2857142857,74.85714286
3/17/2026 12:06:26,nb686658,low,no,46.0782,3.9165,5.6663,14.6327,13.7327,46.2145,71.7468,FALSE,TRUE,FALSE,FALSE,0,0,0,0,0,1,1,525,9,6,10,79,33,144,244,201.9877,1,2,2.599168167,0.2857142857,75
3/17/2026 12:06:26,nb686658,low,no,46.0782,3.9165,5.6663,14.6327,13.7327,46.2145,71.7468,FALSE,TRUE,FALSE,FALSE,0,0,0,0,0,1,1,527,9,6,10,79,33,144,246,201.9877,1,2,2.60906976,0.2857142857,75.28571429
3/17/2026 12:06:27,nb686658,low,no,46.0782,3.9165,5.6663,14.6327,13.7327,46.2145,71.7468,FALSE,TRUE,FALSE,FALSE,0,0,0,0,0,1,1,528,9,6,10,79,33,144,247,201.9877,1,2,2.614020557,0.2857142857,75.42857143
3/17/2026 12:06:26,nb686658,low,no,46.0782,3.9165,5.6663,14.6327,13.7327,46.2145,71.7468,FALSE,TRUE,FALSE,FALSE,0,0,0,0,0,1,1,526,9,6,10,79,33,144,245,201.9877,1,2,2.604118964,0.2857142857,75.14285714
3/17/2026 12:06:27,nb686658,low,no,46.0782,3.9165,5.6663,14.6327,13.7327,46.2145,71.7468,FALSE,TRUE,FALSE,FALSE,0,0,0,0,0,1,1,529,9,6,10,79,33,144,248,201.9877,1,2,2.618971353,0.2857142857,75.57142857
3/17/2026 12:06:27,nb686658,low,no,46.0782,3.9165,5.6663,14.6327,13.7327,46.2145,71.7468,FALSE,TRUE,FALSE,FALSE,0,0,0,0,0,1,1,530,9,6,10,79,33,144,249,201.9877,1,2,2.62392215,0.2857142857,75.71428571
3/17/2026 12:06:27,nb686658,low,no,46.0782,3.9165,5.6663,14.6327,13.7327,46.2145,71.7468,FALSE,TRUE,FALSE,FALSE,0,0,0,0,0,1,1,531,9,6,10,79,33,144,250,201.9877,1,2,2.628872946,0.2857142857,75.85714286
3/17/2026 12:06:27,nb686658,low,no,46.0782,3.9165,5.6663,14.6327,13.7327,46.2145,71.7468,FALSE,TRUE,FALSE,FALSE,0,0,0,0,0,1,1,532,9,6,10,79,33,144,251,201.9877,1,2,2.633823743,0.2857142857,76
3/17/2026 12:06:28,nb686658,low,no,46.0782,3.9165,5.6663,14.6327,13.7327,46.2145,71.7468,FALSE,TRUE,FALSE,FALSE,0,0,0,0,0,1,1,533,9,6,10,79,33,144,252,201.9877,1,2,2.638774539,0.2857142857,76.14285714
3/17/2026 12:06:28,nb686658,low,no,46.0782,3.9165,5.6663,14.6327,13.7327,46.2145,71.7468,FALSE,TRUE,FALSE,FALSE,0,0,0,0,0,1,1,534,9,6,10,79,33,144,253,201.9877,1,2,2.643725336,0.2857142857,76.28571429
3/17/2026 12:06:28,nb686658,low,no,46.0782,3.9165,5.6663,14.6327,13.7327,46.2145,71.7468,FALSE,TRUE,FALSE,FALSE,0,0,0,0,0,1,1,535,9,6,10,79,33,144,254,201.9877,1,2,2.648676132,0.2857142857,76.42857143
3/17/2026 12:06:28,nb686658,low,no,46.0782,3.9165,5.6663,14.6327,13.7327,46.2145,71.7468,FALSE,TRUE,FALSE,FALSE,0,0,0,0,0,1,1,536,9,6,10,79,33,144,255,201.9877,1,2,2.653626929,0.2857142857,76.57142857
3/17/2026 12:06:41,mb738268,moderate,no,55.1606,5.8775,7.6173,13.52,12.1547,41.5254,124.1937,FALSE,TRUE,FALSE,FALSE,0,0,0,0,0,0,4,559,5,16,12,34,16,103,373,260.0492,1,4,2.149593231,0.5714285714,79.85714286
3/17/2026 12:06:50,nb787414,low,no,47.6635,7.8755,6.2772,54.8456,65.6849,0,0,TRUE,TRUE,FALSE,FALSE,0,0,0,3,3,0,0,371,7,22,14,204,124,0,0,182.3467,3,6,2.034585764,0.8571428571,53
3/17/2026 12:07:18,mb738268,moderate,no,55.1606,5.8775,7.6173,13.52,12.1547,41.5254,161.0238,FALSE,TRUE,FALSE,FALSE,0,0,0,0,0,0,5,626,5,16,12,34,16,103,440,296.8793,1,5,2.108601038,0.7142857143,89.42857143
3/17/2026 12:07:20,mb738268,moderate,no,55.1606,5.8775,7.6173,13.52,12.1547,41.5254,162.9885,FALSE,TRUE,FALSE,FALSE,0,0,0,0,0,0,5,627,5,16,12,34,16,103,441,298.844,1,5,2.098084619,0.7142857143,89.57142857
3/17/2026 12:07:20,mb738268,moderate,no,55.1606,5.8775,7.6173,13.52,12.1547,41.5254,163.2217,FALSE,TRUE,FALSE,FALSE,0,0,0,0,0,0,5,628,5,16,12,34,16,103,442,299.0772,1,5,2.099792294,0.7142857143,89.71428571
3/17/2026 12:07:20,mb738268,moderate,no,55.1606,5.8775,7.6173,13.52,12.1547,41.5254,163.3881,FALSE,TRUE,FALSE,FALSE,0,0,0,0,0,0,5,629,5,16,12,34,16,103,443,299.2436,1,5,2.101966425,0.7142857143,89.85714286
3/17/2026 12:07:20,mb738268,moderate,no,55.1606,5.8775,7.6173,13.52,12.1547,41.5254,163.5713,FALSE,TRUE,FALSE,FALSE,0,0,0,0,0,0,5,630,5,16,12,34,16,103,444,299.4268,1,5,2.104020081,0.7142857143,90
3/17/2026 12:07:20,mb738268,moderate,no,55.1606,5.8775,7.6173,13.52,12.1547,41.5254,163.7544,FALSE,TRUE,FALSE,FALSE,0,0,0,0,0,0,5,631,5,16,12,34,16,103,445,299.6099,1,5,2.106071929,0.7142857143,90.14285714
3/17/2026 12:07:21,mb738268,moderate,no,55.1606,5.8775,7.6173,13.52,12.1547,41.5254,163.9376,FALSE,TRUE,FALSE,FALSE,0,0,0,0,0,0,5,632,5,16,12,34,16,103,446,299.7931,1,5,2.108120567,0.7142857143,90.28571429
3/17/2026 12:07:21,mb738268,moderate,no,55.1606,5.8775,7.6173,13.52,12.1547,41.5254,164.1041,FALSE,TRUE,FALSE,FALSE,0,0,0,0,0,0,5,633,5,16,12,34,16,103,447,299.9596,1,5,2.110284185,0.7142857143,90.42857143
3/17/2026 12:08:05,ib430922,high,no,26.2661,0,0,0,0,0,0,FALSE,FALSE,FALSE,FALSE,0,0,0,0,0,0,0,20,20,0,0,0,0,0,0,26.2661,0,0,0.7614377468,0,2.857142857
3/17/2026 12:08:09,ib430922,high,no,26.2661,3.9162,0,0,0,0,0,FALSE,FALSE,FALSE,FALSE,0,0,0,0,0,0,0,28,20,8,0,0,0,0,0,30.1823,0,0,0.9276960338,0,4
3/17/2026 12:08:13,ib430922,high,no,26.2661,3.9162,3.9163,0,0,0,0,FALSE,FALSE,FALSE,FALSE,0,0,0,0,0,0,0,34,20,8,6,0,0,0,0,34.0986,0,0,0.9971083857,0,4.857142857
3/17/2026 12:08:23,ib430922,high,no,26.2661,3.9162,3.9163,9.8657,0,0,0,FALSE,FALSE,FALSE,FALSE,0,0,0,0,0,0,0,80,20,8,6,46,0,0,0,43.9643,0,0,1.819658223,0,11.42857143
3/17/2026 12:08:26,nb139665,low,no,15.7702,0,0,0,0,0,0,FALSE,FALSE,FALSE,FALSE,0,0,0,0,0,0,0,13,13,0,0,0,0,0,0,15.7702,0,0,0.8243395772,0,1.857142857
3/17/2026 12:08:26,mb129213,moderate,no,32.5282,0,0,0,0,0,0,FALSE,FALSE,FALSE,FALSE,0,0,0,0,0,0,0,6,6,0,0,0,0,0,0,32.5282,0,0,0.1844553341,0,0.8571428571
3/17/2026 12:08:31,mb129213,moderate,no,32.5282,3.9794,0,0,0,0,0,FALSE,FALSE,FALSE,FALSE,0,0,0,0,0,0,0,13,6,7,0,0,0,0,0,36.5076,0,0,0.3560902387,0,1.857142857
3/17/2026 12:08:33,nb139665,low,no,15.7702,6.2661,0,0,0,0,0,FALSE,FALSE,FALSE,FALSE,0,0,0,0,0,0,0,33,13,20,0,0,0,0,0,22.0363,0,0,1.497529077,0,4.714285714
3/17/2026 12:08:34,nb156208,low,no,55.9682,7.0763,9.041,159.4253,0,0,0,FALSE,FALSE,FALSE,FALSE,0,0,0,10,0,0,0,251,9,16,30,196,0,0,0,231.5108,0,10,1.084182682,1.428571429,35.85714286
3/17/2026 12:08:35,mb129213,moderate,no,32.5282,3.9794,4.2625,0,0,0,0,FALSE,FALSE,FALSE,FALSE,0,0,0,0,0,0,0,21,6,7,8,0,0,0,0,40.7701,0,0,0.5150833577,0,3
3/17/2026 12:08:38,ib430922,high,no,26.2661,3.9162,3.9163,9.8657,15.465,0,0,FALSE,TRUE,FALSE,FALSE,0,0,0,0,0,0,0,126,20,8,6,46,46,0,0,59.4293,1,0,2.120166315,0,18
3/17/2026 12:08:39,nb139665,low,no,15.7702,6.2661,6.316,0,0,0,0,FALSE,FALSE,FALSE,FALSE,0,0,0,0,0,0,0,51,13,20,18,0,0,0,0,28.3523,0,0,1.798795865,0,7.285714286
3/17/2026 12:08:43,mb129213,moderate,no,32.5282,3.9794,4.2625,7.9588,0,0,0,FALSE,FALSE,FALSE,FALSE,0,0,0,0,0,0,0,47,6,7,8,26,0,0,0,48.7289,0,0,0.9645200282,0,6.714285714
3/17/2026 12:09:04,nb139665,low,no,15.7702,6.2661,6.316,25.7306,0,0,0,TRUE,FALSE,FALSE,FALSE,0,0,0,2,0,0,0,131,13,20,18,80,0,0,0,54.0829,1,2,2.422207389,0.2857142857,18.71428571
3/17/2026 12:09:12,mb129213,moderate,no,32.5282,3.9794,4.2625,7.9588,29.6872,0,0,FALSE,TRUE,FALSE,FALSE,0,0,0,0,2,0,0,131,6,7,8,26,84,0,0,78.4161,1,2,1.670575303,0.2857142857,18.71428571
3/17/2026 12:09:13,nb787414,low,no,47.6635,7.8755,6.2772,54.8456,65.6849,143.3413,0,TRUE,TRUE,FALSE,FALSE,0,0,0,3,3,4,0,641,7,22,14,204,124,270,0,325.688,3,10,1.968141289,1.428571429,91.57142857
3/17/2026 12:09:30,mb129213,moderate,no,32.5282,3.9794,4.2625,7.9588,29.6872,17.5826,0,FALSE,TRUE,FALSE,FALSE,0,0,0,0,2,0,0,167,6,7,8,26,84,36,0,95.9987,1,2,1.739606891,0.2857142857,23.85714286
3/17/2026 12:09:37,ib430922,high,no,26.2661,3.9162,3.9163,9.8657,15.465,58.6771,0,FALSE,TRUE,FALSE,FALSE,0,0,0,0,0,3,0,256,20,8,6,46,46,130,0,118.1064,1,3,2.167537068,0.4285714286,36.57142857
3/17/2026 12:09:54,nb156208,low,no,55.9682,7.0763,9.041,159.4253,80.0041,0,0,FALSE,FALSE,FALSE,FALSE,0,0,0,10,2,0,0,393,9,16,30,196,142,0,0,311.5149,0,12,1.261576894,1.714285714,56.14285714
3/17/2026 12:10:07,nb139665,low,no,15.7702,6.2661,6.316,25.7306,62.8101,0,0,TRUE,TRUE,FALSE,FALSE,0,0,0,2,4,0,0,239,13,20,18,80,108,0,0,116.893,4,6,2.044604895,0.8571428571,34.14285714
3/17/2026 12:10:14,na715973,low,yes,37.3385,13.9485,11.5321,121.4539,49.1948,150.3342,362.8283,FALSE,FALSE,FALSE,FALSE,0,0,0,20,2,1,11,1337,13,32,18,296,74,248,656,746.6303,0,34,1.790712217,4.857142857,191
3/17/2026 12:10:27,mb129213,moderate,no,32.5282,3.9794,4.2625,7.9588,29.6872,17.5826,56.7438,FALSE,TRUE,FALSE,FALSE,0,0,0,0,2,0,1,311,6,7,8,26,84,36,144,152.7425,1,3,2.036106519,0.4285714286,44.42857143
3/17/2026 12:10:28,na715973,low,yes,37.3385,13.9485,11.5321,121.4539,49.1948,150.3342,362.8283,FALSE,FALSE,FALSE,FALSE,0,0,0,20,2,1,11,1338,13,32,18,296,74,248,657,746.6303,0,34,1.792051568,4.857142857,191.1428571
3/17/2026 12:10:49,nb843628,low,no,15.2156,0,0,0,0,0,0,FALSE,FALSE,FALSE,FALSE,0,0,0,0,0,0,0,23,23,0,0,0,0,0,0,15.2156,0,0,1.511606509,0,3.285714286
3/17/2026 12:11:07,mb129213,moderate,no,32.5282,3.9794,4.2625,7.9588,29.6872,17.5826,56.7438,FALSE,TRUE,FALSE,FALSE,0,0,0,0,2,0,1,312,6,7,8,26,84,36,145,152.7425,1,3,2.042653485,0.4285714286,44.57142857
3/17/2026 12:11:12,nb139665,low,no,15.7702,6.2661,6.316,25.7306,62.8101,64.4598,0,TRUE,TRUE,FALSE,FALSE,0,0,0,2,4,1,0,365,13,20,18,80,108,126,0,181.3528,4,7,2.012651583,1,52.14285714
3/17/2026 12:12:10,nb156208,low,no,55.9682,7.0763,9.041,159.4253,80.0041,136.3146,0,FALSE,FALSE,FALSE,FALSE,0,0,0,10,2,0,0,619,9,16,30,196,142,226,0,447.8295,0,12,1.382222475,1.714285714,88.42857143
3/17/2026 12:12:17,nb091814,low,no,53.8929,0,0,0,0,0,0,FALSE,FALSE,FALSE,FALSE,0,0,0,0,0,0,0,7,7,0,0,0,0,0,0,53.8929,0,0,0.1298872393,0,1
3/17/2026 12:12:17,ib707144,high,no,61.6574,0,0,0,0,0,0,FALSE,FALSE,FALSE,FALSE,0,0,0,0,0,0,0,1,1,0,0,0,0,0,0,61.6574,0,0,0.0162186534,0,0.1428571429
3/17/2026 12:12:21,nb787414,low,no,47.6635,7.8755,6.2772,54.8456,65.6849,143.3413,187.9138,TRUE,TRUE,FALSE,FALSE,0,0,0,3,3,4,8,1154,7,22,14,204,124,270,513,513.6018,3,18,2.246876861,2.571428571,164.8571429
3/17/2026 12:12:23,nb787414,low,no,47.6635,7.8755,6.2772,54.8456,65.6849,143.3413,189.5122,TRUE,TRUE,FALSE,FALSE,0,0,0,3,3,4,8,1155,7,22,14,204,124,270,514,515.2002,3,18,2.241846956,2.571428571,165
3/17/2026 12:12:23,nb787414,low,no,47.6635,7.8755,6.2772,54.8456,65.6849,143.3413,189.7287,TRUE,TRUE,FALSE,FALSE,0,0,0,3,3,4,8,1156,7,22,14,204,124,270,515,515.4167,3,18,2.242845449,2.571428571,165.1428571
3/17/2026 12:12:23,nb787414,low,no,47.6635,7.8755,6.2772,54.8456,65.6849,143.3413,189.8952,TRUE,TRUE,FALSE,FALSE,0,0,0,3,3,4,8,1157,7,22,14,204,124,270,516,515.5832,3,18,2.244060706,2.571428571,165.2857143
3/17/2026 12:12:24,nb787414,low,no,47.6635,7.8755,6.2772,54.8456,65.6849,143.3413,190.045,TRUE,TRUE,FALSE,FALSE,0,0,0,3,3,4,8,1158,7,22,14,204,124,270,517,515.733,3,18,2.245347883,2.571428571,165.4285714
3/17/2026 12:12:24,nb091814,low,no,53.8929,7.2596,0,0,0,0,0,FALSE,FALSE,FALSE,FALSE,0,0,0,0,0,0,0,27,7,20,0,0,0,0,0,61.1525,0,0,0.4415191529,0,3.857142857
3/17/2026 12:12:28,nb091814,low,no,53.8929,7.2596,3.9127,0,0,0,0,FALSE,FALSE,FALSE,FALSE,0,0,0,0,0,0,0,35,7,20,8,0,0,0,0,65.0652,0,0,0.5379219614,0,5
3/17/2026 12:12:29,nb787414,low,no,47.6635,7.8755,6.2772,54.8456,65.6849,143.3413,195.4064,TRUE,TRUE,FALSE,FALSE,0,0,0,3,3,4,8,1183,7,22,14,204,124,270,542,521.0944,3,18,2.270222056,2.571428571,169
3/17/2026 12:12:29,nb787414,low,no,47.6635,7.8755,6.2772,54.8456,65.6849,143.3413,195.7061,TRUE,TRUE,FALSE,FALSE,0,0,0,3,3,4,8,1184,7,22,14,204,124,270,543,521.3941,3,18,2.270835055,2.571428571,169.1428571
3/17/2026 12:12:30,nb787414,low,no,47.6635,7.8755,6.2772,54.8456,65.6849,143.3413,196.2056,TRUE,TRUE,FALSE,FALSE,0,0,0,3,3,4,8,1184,7,22,14,204,124,270,543,521.8936,3,18,2.268661658,2.571428571,169.1428571
3/17/2026 12:12:31,nb787414,low,no,47.6635,7.8755,6.2772,54.8456,65.6849,143.3413,197.7207,TRUE,TRUE,FALSE,FALSE,0,0,0,3,3,4,8,1185,7,22,14,204,124,270,544,523.4087,3,18,2.264005165,2.571428571,169.2857143
3/17/2026 12:12:31,nb787414,low,no,47.6635,7.8755,6.2772,54.8456,65.6849,143.3413,197.8706,TRUE,TRUE,FALSE,FALSE,0,0,0,3,3,4,8,1186,7,22,14,204,124,270,545,523.5586,3,18,2.265266963,2.571428571,169.4285714
3/17/2026 12:12:31,nb787414,low,no,47.6635,7.8755,6.2772,54.8456,65.6849,143.3413,198.0371,TRUE,TRUE,FALSE,FALSE,0,0,0,3,3,4,8,1187,7,22,14,204,124,270,546,523.7251,3,18,2.2664562,2.571428571,169.5714286
3/17/2026 12:12:32,nb787414,low,no,47.6635,7.8755,6.2772,54.8456,65.6849,143.3413,198.2036,TRUE,TRUE,FALSE,FALSE,0,0,0,3,3,4,8,1188,7,22,14,204,124,270,547,523.8916,3,18,2.267644681,2.571428571,169.7142857
3/17/2026 12:12:32,nb787414,low,no,47.6635,7.8755,6.2772,54.8456,65.6849,143.3413,198.3701,TRUE,TRUE,FALSE,FALSE,0,0,0,3,3,4,8,1189,7,22,14,204,124,270,548,524.0581,3,18,2.268832406,2.571428571,169.8571429
3/17/2026 12:12:34,ib707144,high,no,61.6574,17.415,0,0,0,0,0,FALSE,FALSE,FALSE,FALSE,0,0,0,0,0,0,0,67,1,66,0,0,0,0,0,79.0724,0,0,0.8473247302,0,9.571428571
3/17/2026 12:12:36,nb410288,low,no,1.7916,0,0,0,0,0,0,FALSE,FALSE,FALSE,FALSE,0,0,0,0,0,0,0,0,0,0,0,0,0,0,0,1.7916,0,0,0,0,0
3/17/2026 12:12:40,nb410288,low,no,5.158,0,0,0,0,0,0,FALSE,FALSE,FALSE,FALSE,0,0,0,0,0,0,0,1,1,0,0,0,0,0,0,5.158,0,0,0.1938735944,0,0.1428571429
3/17/2026 12:12:44,nb091814,low,no,53.8929,7.2596,3.9127,16.467,0,0,0,FALSE,FALSE,FALSE,FALSE,0,0,0,3,0,0,0,79,7,20,8,44,0,0,0,81.5322,0,3,0.968942332,0.4285714286,11.28571429
3/17/2026 12:12:47,nb787414,low,no,47.6635,7.8755,6.2772,54.8456,65.6849,143.3413,199.5356,TRUE,TRUE,FALSE,FALSE,0,0,0,3,3,4,8,1190,7,22,14,204,124,270,549,525.2236,3,18,2.265701694,2.571428571,170
3/17/2026 12:13:02,ib707144,high,no,61.6574,17.415,27.6304,0,0,0,0,FALSE,FALSE,FALSE,FALSE,0,0,0,0,0,0,0,79,1,66,12,0,0,0,0,106.7028,0,0,0.7403741982,0,11.28571429
3/17/2026 12:13:10,nb091814,low,no,53.8929,7.2596,3.9127,16.467,26.1075,0,0,FALSE,TRUE,FALSE,FALSE,0,0,0,3,1,0,0,121,7,20,8,44,42,0,0,107.6397,1,4,1.124120561,0.5714285714,17.28571429
3/17/2026 12:13:29,na715973,low,yes,37.3385,13.9485,11.5321,121.4539,49.1948,150.3342,362.8283,FALSE,FALSE,FALSE,FALSE,0,0,0,20,2,1,11,1339,13,32,18,296,74,248,658,746.6303,0,34,1.793390919,4.857142857,191.2857143
3/17/2026 12:13:29,ib624512,high,no,122.8749,0,0,0,0,0,0,FALSE,FALSE,FALSE,FALSE,0,0,0,0,0,0,0,11,11,0,0,0,0,0,0,122.8749,0,0,0.08952194468,0,1.571428571
3/17/2026 12:13:33,nb091814,low,no,53.8929,7.2596,3.9127,16.467,26.1075,22.8773,0,FALSE,TRUE,FALSE,FALSE,0,0,0,3,1,0,0,188,7,20,8,44,42,67,0,130.517,1,4,1.440425385,0.5714285714,26.85714286
3/17/2026 12:13:35,ib707144,high,no,61.6574,17.415,27.6304,33.1465,0,0,0,TRUE,FALSE,FALSE,FALSE,0,0,0,0,0,0,0,207,1,66,12,128,0,0,0,139.8493,1,0,1.48016472,0,29.57142857
3/17/2026 12:13:41,nb881136,low,no,49.8386,13.7327,11.5995,46.1979,38.5982,35.1649,512.1932,TRUE,TRUE,FALSE,TRUE,0,0,0,2,1,0,10,1524,19,30,22,94,64,78,1217,707.325,9,13,2.154596543,1.857142857,217.7142857
3/17/2026 12:13:42,ib624512,high,no,122.8749,13.3152,0,0,0,0,0,FALSE,FALSE,FALSE,FALSE,0,0,0,0,0,0,0,51,11,40,0,0,0,0,0,136.1901,0,0,0.3744765589,0,7.285714286
3/17/2026 12:13:42,nb881136,low,no,49.8386,13.7327,11.5995,46.1979,38.5982,35.1649,513.6264,TRUE,TRUE,FALSE,TRUE,0,0,0,2,1,0,10,1525,19,30,22,94,64,78,1218,708.7582,9,13,2.151650591,1.857142857,217.8571429
3/17/2026 12:13:43,nb881136,low,no,49.8386,13.7327,11.5995,46.1979,38.5982,35.1649,514.3263,TRUE,TRUE,FALSE,TRUE,0,0,0,2,1,0,10,1526,19,30,22,94,64,78,1219,709.4581,9,13,2.150937455,1.857142857,218
3/17/2026 12:13:43,nb881136,low,no,49.8386,13.7327,11.5995,46.1979,38.5982,35.1649,514.993,TRUE,TRUE,FALSE,TRUE,0,0,0,2,1,0,10,1527,19,30,22,94,64,78,1220,710.1248,9,13,2.150326253,1.857142857,218.1428571
3/17/2026 12:13:44,nb881136,low,no,49.8386,13.7327,11.5995,46.1979,38.5982,35.1649,515.1597,TRUE,TRUE,FALSE,TRUE,0,0,0,2,1,0,10,1528,19,30,22,94,64,78,1221,710.2915,9,13,2.15122946,1.857142857,218.2857143
3/17/2026 12:13:47,ib624512,high,no,122.8749,13.3152,4.8995,0,0,0,0,FALSE,FALSE,FALSE,FALSE,0,0,0,0,0,0,0,63,11,40,12,0,0,0,0,141.0896,0,0,0.4465247616,0,9
3/17/2026 12:13:57,ib624512,high,no,122.8749,13.3152,4.8995,9.399,0,0,0,FALSE,FALSE,FALSE,FALSE,0,0,0,0,0,0,0,97,11,40,12,34,0,0,0,150.4886,0,0,0.6445670968,0,13.85714286
3/17/2026 12:14:08,mb269110,moderate,no,8.2991,0,0,0,0,0,0,FALSE,FALSE,FALSE,FALSE,0,0,0,0,0,0,0,0,0,0,0,0,0,0,0,8.2991,0,0,0,0,0
3/17/2026 12:14:13,mb293463,moderate,no,4.9404,0,0,0,0,0,0,FALSE,FALSE,FALSE,FALSE,0,0,0,0,0,0,0,7,7,0,0,0,0,0,0,4.9404,0,0,1.416889321,0,1
3/17/2026 12:14:13,ib707144,high,no,61.6574,17.415,27.6304,33.1465,38.4793,0,0,TRUE,TRUE,FALSE,FALSE,0,0,0,0,1,0,0,281,1,66,12,128,74,0,0,178.3286,2,1,1.575742758,0.1428571429,40.14285714
3/17/2026 12:14:18,mb293463,moderate,no,4.9404,4.1662,0,0,0,0,0,FALSE,FALSE,FALSE,FALSE,0,0,0,0,0,0,0,13,7,6,0,0,0,0,0,9.1066,0,0,1.427536073,0,1.857142857
3/17/2026 12:14:21,mb293463,moderate,no,4.9404,4.1662,3.9162,0,0,0,0,FALSE,FALSE,FALSE,FALSE,0,0,0,0,0,0,0,19,7,6,6,0,0,0,0,13.0228,0,0,1.458979636,0,2.714285714
3/17/2026 12:14:41,ib624512,high,no,122.8749,13.3152,4.8995,9.399,43.9453,0,0,FALSE,TRUE,FALSE,FALSE,0,0,0,0,3,0,0,177,11,40,12,34,80,0,0,194.4339,1,3,0.9103350805,0.4285714286,25.28571429
3/17/2026 12:15:06,mb293463,moderate,no,4.9404,4.1662,3.9162,45.0453,0,0,0,FALSE,FALSE,FALSE,FALSE,0,0,0,6,0,0,0,131,7,6,6,112,0,0,0,58.0681,0,6,2.255971868,0.8571428571,18.71428571
3/17/2026 12:15:20,mb293463,moderate,no,4.9404,4.1662,3.9162,45.0453,12.8153,0,0,FALSE,TRUE,FALSE,FALSE,0,0,0,6,0,0,0,153,7,6,6,112,22,0,0,70.8834,1,6,2.15847434,0.8571428571,21.85714286
3/17/2026 12:15:32,mb293463,moderate,no,4.9404,4.1662,3.9162,45.0453,12.8153,12.8486,0,FALSE,TRUE,FALSE,FALSE,0,0,0,6,0,0,0,175,7,6,6,112,22,22,0,83.732,1,6,2.090001433,0.8571428571,25
3/17/2026 12:16:30,ib430922,high,no,26.2661,3.9162,3.9163,9.8657,15.465,58.6771,412.8231,FALSE,TRUE,FALSE,TRUE,0,0,0,0,0,3,14,1664,20,8,6,46,46,130,1408,530.9295,8,17,3.134126094,2.428571429,237.7142857
3/17/2026 12:20:46,ib707144,high,no,61.6574,17.415,27.6304,33.1465,38.4793,392.6586,0,TRUE,TRUE,FALSE,FALSE,0,0,0,0,1,4,0,930,1,66,12,128,74,649,0,570.9872,2,5,1.628758053,0.7142857143,132.8571429
3/17/2026 12:27:10,ib707144,high,no,61.6574,17.415,27.6304,33.1465,38.4793,392.6586,383.7595,TRUE,TRUE,FALSE,FALSE,0,0,0,0,1,4,12,1720,1,66,12,128,74,649,790,954.7467,2,17,1.801524949,2.428571429,245.7142857
3/17/2026 12:27:23,ib707144,high,no,61.6574,17.415,27.6304,33.1465,38.4793,392.6586,397.1081,TRUE,TRUE,FALSE,FALSE,0,0,0,0,1,4,12,1721,1,66,12,128,74,649,791,968.0953,2,17,1.777717545,2.428571429,245.8571429
3/17/2026 12:30:30,mb379996,moderate,no,30.7152,0,0,0,0,0,0,FALSE,FALSE,FALSE,FALSE,0,0,0,0,0,0,0,15,15,0,0,0,0,0,0,30.7152,0,0,0.4883575559,0,2.142857143
3/17/2026 12:30:35,mb379996,moderate,no,30.7152,4.1958,0,0,0,0,0,FALSE,FALSE,FALSE,FALSE,0,0,0,0,0,0,0,23,15,8,0,0,0,0,0,34.911,0,0,0.6588181375,0,3.285714286
3/17/2026 12:30:42,mb379996,moderate,no,30.7152,4.1958,7.3261,0,0,0,0,FALSE,FALSE,FALSE,FALSE,0,0,0,0,0,0,0,33,15,8,10,0,0,0,0,42.2371,0,0,0.7813036406,0,4.714285714
3/17/2026 12:31:11,mb379996,moderate,no,30.7152,4.1958,7.3261,28.888,0,0,0,TRUE,FALSE,FALSE,FALSE,0,0,0,2,0,0,0,103,15,8,10,70,0,0,0,71.1251,1,2,1.448152621,0.2857142857,14.71428571
3/17/2026 12:31:31,mb379996,moderate,no,30.7152,4.1958,7.3261,28.888,20.0802,0,0,TRUE,TRUE,FALSE,FALSE,0,0,0,2,0,0,0,137,15,8,10,70,34,0,0,91.2053,2,2,1.502105689,0.2857142857,19.57142857
3/17/2026 12:31:57,mb379996,moderate,no,30.7152,4.1958,7.3261,28.888,20.0802,26.1074,0,TRUE,TRUE,FALSE,FALSE,0,0,0,2,0,0,0,174,15,8,10,70,34,37,0,117.3127,2,2,1.483215372,0.2857142857,24.85714286
3/17/2026 12:32:01,ia146046,high,yes,4.2637,0,0,0,0,0,0,FALSE,FALSE,FALSE,FALSE,0,0,0,0,0,0,0,1,1,0,0,0,0,0,0,4.2637,0,0,0.2345380773,0,0.1428571429
3/17/2026 12:32:45,na767015,low,yes,40.3895,0,0,0,0,0,0,FALSE,FALSE,FALSE,FALSE,0,0,0,0,0,0,0,1,1,0,0,0,0,0,0,40.3895,0,0,0.02475891011,0,0.1428571429
3/17/2026 12:32:50,na767015,low,yes,40.3895,5.5779,0,0,0,0,0,FALSE,FALSE,FALSE,FALSE,0,0,0,0,0,0,0,13,1,12,0,0,0,0,0,45.9674,0,0,0.2828091212,0,1.857142857
3/17/2026 12:32:56,na767015,low,yes,40.3895,5.5779,5.0783,0,0,0,0,FALSE,FALSE,FALSE,FALSE,0,0,0,0,0,0,0,21,1,12,8,0,0,0,0,51.0457,0,0,0.4113960627,0,3
3/17/2026 12:33:27,na767015,low,yes,40.3895,5.5779,5.0783,31.9849,0,0,0,TRUE,FALSE,FALSE,FALSE,0,0,0,4,0,0,0,113,1,12,8,92,0,0,0,83.0306,1,4,1.360944037,0.5714285714,16.14285714
3/17/2026 12:33:41,na767015,low,yes,40.3895,5.5779,5.0783,31.9849,13.7698,0,0,TRUE,TRUE,FALSE,FALSE,0,0,0,4,0,0,0,133,1,12,8,92,20,0,0,96.8004,2,4,1.373961265,0.5714285714,19
3/17/2026 12:34:50,na767015,low,yes,40.3895,5.5779,5.0783,31.9849,13.7698,68.5487,0,TRUE,TRUE,FALSE,FALSE,0,0,0,4,0,1,0,197,1,12,8,92,20,64,0,165.3491,2,5,1.191418641,0.7142857143,28.14285714
3/17/2026 12:37:53,na767015,low,yes,40.3895,5.5779,5.0783,31.9849,13.7698,68.5487,183.3682,TRUE,TRUE,FALSE,FALSE,0,0,0,4,0,1,3,496,1,12,8,92,20,64,299,348.7173,2,8,1.422355587,1.142857143,70.85714286
3/17/2026 12:37:56,na767015,low,yes,40.3895,5.5779,5.0783,31.9849,13.7698,68.5487,186.1488,TRUE,TRUE,FALSE,FALSE,0,0,0,4,0,1,3,497,1,12,8,92,20,64,300,351.4979,2,8,1.413948704,1.142857143,71
3/17/2026 12:53:58,mb330816,moderate,no,64.6236,0,0,0,0,0,0,FALSE,FALSE,FALSE,FALSE,0,0,0,0,0,0,0,9,9,0,0,0,0,0,0,64.6236,0,0,0.1392680074,0,1.285714286
3/17/2026 12:54:02,mb330816,moderate,no,64.6236,4.2331,0,0,0,0,0,FALSE,FALSE,FALSE,FALSE,0,0,0,0,0,0,0,19,9,10,0,0,0,0,0,68.8567,0,0,0.2759353846,0,2.714285714
3/17/2026 12:54:06,mb330816,moderate,no,64.6236,4.2331,4.1332,0,0,0,0,FALSE,FALSE,FALSE,FALSE,0,0,0,0,0,0,0,25,9,10,6,0,0,0,0,72.9899,0,0,0.3425131422,0,3.571428571
3/17/2026 12:54:24,ib337063,high,no,7.2981,0,0,0,0,0,0,FALSE,FALSE,FALSE,FALSE,0,0,0,0,0,0,0,9,9,0,0,0,0,0,0,7.2981,0,0,1.233197682,0,1.285714286
3/17/2026 12:54:28,ib337063,high,no,7.2981,4.3665,0,0,0,0,0,FALSE,FALSE,FALSE,FALSE,0,0,0,0,0,0,0,21,9,12,0,0,0,0,0,11.6646,0,0,1.800318914,0,3
3/17/2026 12:54:34,ib337063,high,no,7.2981,4.3665,5.3997,0,0,0,0,FALSE,FALSE,FALSE,FALSE,0,0,0,0,0,0,0,33,9,12,12,0,0,0,0,17.0643,0,0,1.933861922,0,4.714285714
3/17/2026 12:55:01,ib337063,high,no,7.2981,4.3665,5.3997,27.3321,0,0,0,TRUE,FALSE,FALSE,FALSE,0,0,0,1,0,0,0,103,9,12,12,70,0,0,0,44.3964,1,1,2.320007929,0.1428571429,14.71428571
3/17/2026 12:55:15,ib337063,high,no,7.2981,4.3665,5.3997,27.3321,14.0993,0,0,TRUE,TRUE,FALSE,FALSE,0,0,0,1,0,0,0,145,9,12,12,70,42,0,0,58.4957,2,1,2.478814682,0.1428571429,20.71428571
3/17/2026 12:55:54,ib337063,high,no,7.2981,4.3665,5.3997,27.3321,14.0993,38.9149,0,TRUE,TRUE,FALSE,FALSE,0,0,0,1,0,2,0,237,9,12,12,70,42,92,0,97.4106,2,3,2.433000105,0.4285714286,33.85714286
3/17/2026 12:56:27,ib337063,high,no,7.2981,4.3665,5.3997,27.3321,14.0993,38.9149,32.7818,TRUE,TRUE,FALSE,TRUE,0,0,0,1,0,2,0,361,9,12,12,70,42,92,124,130.1924,3,3,2.772819304,0.4285714286,51.57142857
3/17/2026 13:08:45,ia344946,high,yes,4612.481,0,0,0,0,0,0,FALSE,FALSE,FALSE,FALSE,0,0,0,0,0,0,0,3,3,0,0,0,0,0,0,4612.481,0,0,0.0006504091833,0,0.4285714286
3/17/2026 13:08:49,ia344946,high,yes,4612.481,3.9162,0,0,0,0,0,FALSE,FALSE,FALSE,FALSE,0,0,0,0,0,0,0,9,3,6,0,0,0,0,0,4616.3972,0,0,0.001949572277,0,1.285714286
3/17/2026 13:08:58,ia344946,high,yes,4612.481,3.9162,9.3824,0,0,0,0,FALSE,FALSE,FALSE,FALSE,0,0,1,0,0,0,0,33,3,6,24,0,0,0,0,4625.7796,0,1,0.007133932624,0.1428571429,4.714285714
3/17/2026 13:09:21,ia344946,high,yes,4612.481,3.9162,9.3824,23.5641,0,0,0,TRUE,FALSE,FALSE,FALSE,0,0,1,0,0,0,0,101,3,6,24,68,0,0,0,4649.3437,1,1,0.02172349616,0.1428571429,14.42857143
3/17/2026 13:09:36,ia344946,high,yes,4612.481,3.9162,9.3824,23.5641,14.2319,0,0,TRUE,TRUE,FALSE,FALSE,0,0,1,0,0,0,0,123,3,6,24,68,22,0,0,4663.5756,2,1,0.02637461265,0.1428571429,17.57142857
3/17/2026 13:09:55,ia887766,high,yes,4.5571,0,0,0,0,0,0,FALSE,FALSE,FALSE,FALSE,0,0,0,0,0,0,0,13,13,0,0,0,0,0,0,4.5571,0,0,2.852691405,0,1.857142857
3/17/2026 13:10:00,ia887766,high,yes,4.5571,4.7162,0,0,0,0,0,FALSE,FALSE,FALSE,FALSE,0,0,0,0,0,0,0,29,13,16,0,0,0,0,0,9.2733,0,0,3.127257826,0,4.142857143
3/17/2026 13:10:04,ia887766,high,yes,4.5571,4.7162,4.9328,0,0,0,0,FALSE,FALSE,FALSE,FALSE,0,0,0,0,0,0,0,37,13,16,8,0,0,0,0,14.2061,0,0,2.604514962,0,5.285714286
3/17/2026 13:10:29,ia887766,high,yes,4.5571,4.7162,4.9328,24.1141,0,0,0,TRUE,FALSE,FALSE,FALSE,0,0,0,3,0,0,0,109,13,16,8,72,0,0,0,38.3202,1,3,2.844452795,0.4285714286,15.57142857
3/17/2026 13:10:41,ia887766,high,yes,4.5571,4.7162,4.9328,24.1141,12.4488,0,0,TRUE,TRUE,FALSE,FALSE,0,0,0,3,0,0,0,135,13,16,8,72,26,0,0,50.769,2,3,2.659102996,0.4285714286,19.28571429
3/17/2026 13:11:00,ia887766,high,yes,4.5571,4.7162,4.9328,24.1141,12.4488,18.9813,0,TRUE,TRUE,FALSE,FALSE,0,0,0,3,0,1,0,181,13,16,8,72,26,46,0,69.7503,2,4,2.594970918,0.5714285714,25.85714286
3/17/2026 13:12:01,ia207648,high,yes,76.7057,0,0,0,0,0,0,FALSE,FALSE,FALSE,FALSE,0,0,0,0,0,0,0,41,41,0,0,0,0,0,0,76.7057,0,0,0.5345104731,0,5.857142857
3/17/2026 13:12:14,nb156208,low,no,55.9682,7.0763,9.041,159.4253,80.0041,136.3146,3603.7024,FALSE,FALSE,FALSE,FALSE,0,0,0,10,2,0,28,1835,9,16,30,196,142,226,1216,4051.5319,0,40,0.452915106,5.714285714,262.1428571
3/17/2026 13:13:30,ia207648,high,yes,76.7057,89.3698,0,0,0,0,0,FALSE,FALSE,FALSE,FALSE,0,0,0,0,0,0,0,344,41,303,0,0,0,0,0,166.0755,0,0,2.071347068,0,49.14285714
3/17/2026 13:13:50,ia887766,high,yes,4.5571,4.7162,4.9328,24.1141,12.4488,18.9813,169.832,TRUE,TRUE,FALSE,FALSE,0,0,0,3,0,1,5,625,13,16,8,72,26,46,444,239.5823,2,9,2.608706904,1.285714286,89.28571429
3/17/2026 13:15:10,ia207648,high,yes,76.7057,188.8278,0,0,0,0,0,FALSE,FALSE,FALSE,FALSE,0,0,0,0,0,0,0,452,41,411,0,0,0,0,0,265.5335,0,0,1.702233428,0,64.57142857
3/17/2026 13:15:20,ia207648,high,yes,76.7057,188.8278,10.2065,0,0,0,0,FALSE,FALSE,FALSE,FALSE,0,0,0,0,0,0,0,463,41,411,11,0,0,0,0,275.74,0,0,1.67911801,0,66.14285714
3/17/2026 13:16:12,ia207648,high,yes,76.7057,188.8278,10.2065,52.3814,0,0,0,FALSE,FALSE,FALSE,FALSE,0,0,0,7,0,0,0,634,41,411,11,171,0,0,0,328.1214,0,7,1.932211675,1,90.57142857
3/17/2026 13:16:19,ia207648,high,yes,76.7057,188.8278,10.2065,52.3814,7.2095,0,0,FALSE,FALSE,FALSE,FALSE,0,0,0,7,0,0,0,655,41,411,11,171,21,0,0,335.3309,0,7,1.953294492,1,93.57142857
3/17/2026 14:12:22,ma396207,moderate,yes,43.6471,0,0,0,0,0,0,FALSE,FALSE,FALSE,FALSE,0,0,0,0,0,0,0,3,3,0,0,0,0,0,0,43.6471,0,0,0.0687330888,0,0.4285714286
3/17/2026 14:12:40,ma396207,moderate,yes,43.6471,17.6159,0,0,0,0,0,FALSE,FALSE,FALSE,FALSE,0,0,0,0,0,0,0,51,3,48,0,0,0,0,0,61.263,0,0,0.8324763724,0,7.285714286
3/17/2026 14:12:51,ma396207,moderate,yes,43.6471,17.6159,11.7717,0,0,0,0,FALSE,FALSE,FALSE,FALSE,0,0,2,0,0,0,0,89,3,48,38,0,0,0,0,73.0347,0,2,1.21859883,0.2857142857,12.71428571
3/17/2026 14:41:35,ib971129,high,no,7.4159,0,0,0,0,0,0,FALSE,FALSE,FALSE,FALSE,0,0,0,0,0,0,0,0,0,0,0,0,0,0,0,7.4159,0,0,0,0,0
3/17/2026 15:09:05,na556742,low,yes,45.2187,0,0,0,0,0,0,FALSE,FALSE,FALSE,FALSE,0,0,0,0,0,0,0,3,3,0,0,0,0,0,0,45.2187,0,0,0.06634423369,0,0.4285714286
3/17/2026 15:09:10,na556742,low,yes,45.2187,4.429,0,0,0,0,0,FALSE,FALSE,FALSE,FALSE,0,0,0,0,0,0,0,11,3,8,0,0,0,0,0,49.6477,0,0,0.2215611196,0,1.571428571
3/17/2026 15:09:14,na556742,low,yes,45.2187,4.429,4.1791,0,0,0,0,FALSE,FALSE,FALSE,FALSE,0,0,0,0,0,0,0,19,3,8,8,0,0,0,0,53.8268,0,0,0.3529840154,0,2.714285714
3/17/2026 15:09:48,na556742,low,yes,45.2187,4.429,4.1791,34.7156,0,0,0,FALSE,FALSE,FALSE,FALSE,0,0,0,9,0,0,0,161,3,8,8,142,0,0,0,88.5424,0,9,1.818337881,1.285714286,23
3/17/2026 15:10:02,na556742,low,yes,45.2187,4.429,4.1791,34.7156,13.8696,0,0,FALSE,FALSE,FALSE,FALSE,0,0,0,9,1,0,0,187,3,8,8,142,26,0,0,102.412,0,10,1.825957896,1.428571429,26.71428571
3/17/2026 15:10:28,na556742,low,yes,45.2187,4.429,4.1791,34.7156,13.8696,26.1741,0,FALSE,FALSE,FALSE,FALSE,0,0,0,9,1,0,0,289,3,8,8,142,26,102,0,128.5861,0,10,2.247521311,1.428571429,41.28571429
3/17/2026 15:14:38,mb878799,moderate,no,46.6388,0,0,0,0,0,0,FALSE,FALSE,FALSE,FALSE,0,0,0,0,0,0,0,5,5,0,0,0,0,0,0,46.6388,0,0,0.107206875,0,0.7142857143
3/17/2026 15:14:47,mb878799,moderate,no,46.6388,9.3977,0,0,0,0,0,FALSE,FALSE,FALSE,FALSE,0,0,0,0,0,0,0,47,5,42,0,0,0,0,0,56.0365,0,0,0.8387390362,0,6.714285714
3/17/2026 15:14:53,mb878799,moderate,no,46.6388,9.3977,5.8895,0,0,0,0,FALSE,FALSE,FALSE,FALSE,0,0,0,0,0,0,0,61,5,42,14,0,0,0,0,61.926,0,0,0.9850466686,0,8.714285714
3/17/2026 15:15:22,mb878799,moderate,no,46.6388,9.3977,5.8895,29.1385,0,0,0,FALSE,FALSE,FALSE,FALSE,0,0,0,5,0,0,0,143,5,42,14,82,0,0,0,91.0645,0,5,1.570315546,0.7142857143,20.42857143
3/17/2026 15:15:37,mb878799,moderate,no,46.6388,9.3977,5.8895,29.1385,14.8752,0,0,FALSE,FALSE,FALSE,FALSE,0,0,0,5,1,0,0,169,5,42,14,82,26,0,0,105.9397,0,6,1.595247108,0.8571428571,24.14285714
3/17/2026 15:16:54,mb878799,moderate,no,46.6388,9.3977,5.8895,29.1385,14.8752,76.8056,0,FALSE,FALSE,FALSE,FALSE,0,0,0,5,1,2,0,343,5,42,14,82,26,174,0,182.7453,0,8,1.876929256,1.142857143,49
3/17/2026 15:24:17,mb878799,moderate,no,46.6388,9.3977,5.8895,29.1385,14.8752,76.8056,442.7535,FALSE,FALSE,FALSE,TRUE,0,0,0,5,1,2,9,1463,5,42,14,82,26,174,1120,625.4988,4,17,2.338933344,2.428571429,209
3/17/2026 15:24:29,mb878799,moderate,no,46.6388,9.3977,5.8895,29.1385,14.8752,76.8056,442.7535,FALSE,FALSE,FALSE,TRUE,0,0,0,5,1,2,9,1464,5,42,14,82,26,174,1121,625.4988,4,17,2.340532068,2.428571429,209.1428571
3/17/2026 15:24:31,mb878799,moderate,no,46.6388,9.3977,5.8895,29.1385,14.8752,76.8056,442.7535,FALSE,FALSE,FALSE,TRUE,0,0,0,5,1,2,9,1465,5,42,14,82,26,174,1122,625.4988,4,17,2.342130792,2.428571429,209.2857143
3/17/2026 15:24:32,mb878799,moderate,no,46.6388,9.3977,5.8895,29.1385,14.8752,76.8056,442.7535,FALSE,FALSE,FALSE,TRUE,0,0,0,5,1,2,9,1466,5,42,14,82,26,174,1123,625.4988,4,17,2.343729516,2.428571429,209.4285714
3/17/2026 15:27:09,ia595865,high,yes,48.5265,0,0,0,0,0,0,FALSE,FALSE,FALSE,FALSE,0,0,0,0,0,0,0,0,0,0,0,0,0,0,0,48.5265,0,0,0,0,0
3/17/2026 15:27:09,ia595865,high,yes,48.8429,0,0,0,0,0,0,FALSE,FALSE,FALSE,FALSE,0,0,0,0,0,0,0,0,0,0,0,0,0,0,0,48.8429,0,0,0,0,0
3/17/2026 15:27:09,ia595865,high,yes,48.8596,0,0,0,0,0,0,FALSE,FALSE,FALSE,FALSE,0,0,0,0,0,0,0,0,0,0,0,0,0,0,0,48.8596,0,0,0,0,0
3/17/2026 15:27:09,ia595865,high,yes,48.8263,0,0,0,0,0,0,FALSE,FALSE,FALSE,FALSE,0,0,0,0,0,0,0,0,0,0,0,0,0,0,0,48.8263,0,0,0,0,0
3/17/2026 15:27:10,ia595865,high,yes,49.9085,0,0,0,0,0,0,FALSE,FALSE,FALSE,FALSE,0,0,0,0,0,0,0,1,1,0,0,0,0,0,0,49.9085,0,0,0.0200366671,0,0.1428571429
3/17/2026 15:27:35,ia595865,high,yes,75.1084,0,0,0,0,0,0,FALSE,FALSE,FALSE,FALSE,0,0,0,0,0,0,0,13,13,0,0,0,0,0,0,75.1084,0,0,0.1730831705,0,1.857142857
3/17/2026 15:28:20,ia595865,high,yes,75.1084,44.5892,0,0,0,0,0,FALSE,FALSE,FALSE,FALSE,0,0,0,0,0,0,0,131,13,118,0,0,0,0,0,119.6976,0,0,1.094424617,0,18.71428571
3/17/2026 15:28:37,ia595865,high,yes,75.1084,44.5892,16.9665,0,0,0,0,FALSE,FALSE,FALSE,FALSE,0,0,0,0,0,0,0,147,13,118,16,0,0,0,0,136.6641,0,0,1.075629957,0,21
3/17/2026 15:30:35,ia595865,high,yes,75.1084,44.5892,16.9665,117.6168,0,0,0,FALSE,FALSE,FALSE,FALSE,0,0,0,2,0,0,0,417,13,118,16,270,0,0,0,254.2809,0,2,1.639918688,0.2857142857,59.57142857
3/17/2026 15:32:35,ia595865,high,yes,75.1084,44.5892,16.9665,117.6168,120.2808,0,0,FALSE,TRUE,FALSE,FALSE,0,0,0,2,3,0,0,525,13,118,16,270,108,0,0,374.5617,2,5,1.401638235,0.7142857143,75
3/17/2026 15:33:27,mb627895,moderate,no,38.9376,0,0,0,0,0,0,FALSE,FALSE,FALSE,FALSE,0,0,0,0,0,0,0,3,3,0,0,0,0,0,0,38.9376,0,0,0.07704635108,0,0.4285714286
3/17/2026 15:33:33,mb627895,moderate,no,38.9376,5.8442,0,0,0,0,0,FALSE,FALSE,FALSE,FALSE,0,0,0,0,0,0,0,19,3,16,0,0,0,0,0,44.7818,0,0,0.4242795064,0,2.714285714
3/17/2026 15:33:39,mb627895,moderate,no,38.9376,5.8442,4.9784,0,0,0,0,FALSE,FALSE,FALSE,FALSE,0,0,0,0,0,0,0,29,3,16,10,0,0,0,0,49.7602,0,0,0.5827950852,0,4.142857143
3/17/2026 15:34:46,mb627895,moderate,no,38.9376,5.8442,4.9784,67.8494,0,0,0,FALSE,FALSE,FALSE,FALSE,0,0,0,2,0,0,0,265,3,16,10,236,0,0,0,117.6096,0,2,2.253217424,0.2857142857,37.85714286
3/17/2026 15:35:36,mb627895,moderate,no,38.9376,5.8442,4.9784,67.8494,49.7175,0,0,FALSE,TRUE,FALSE,FALSE,0,0,0,2,0,0,0,394,3,16,10,236,129,0,0,167.3271,1,2,2.354669387,0.2857142857,56.28571429
3/17/2026 15:35:41,mb627895,moderate,no,38.9376,5.8442,4.9784,67.8494,54.879,0,0,FALSE,TRUE,FALSE,FALSE,0,0,0,2,0,0,0,395,3,16,10,236,130,0,0,172.4886,1,2,2.290006412,0.2857142857,56.42857143
3/17/2026 15:44:10,ia186947,high,yes,30.6739,0,0,0,0,0,0,FALSE,FALSE,FALSE,FALSE,0,0,0,0,0,0,0,5,5,0,0,0,0,0,0,30.6739,0,0,0.1630050303,0,0.7142857143
3/17/2026 15:44:09,ia186947,high,yes,30.3076,0,0,0,0,0,0,FALSE,FALSE,FALSE,FALSE,0,0,0,0,0,0,0,4,4,0,0,0,0,0,0,30.3076,0,0,0.1319800974,0,0.5714285714
3/17/2026 15:44:39,ia186947,high,yes,60.5525,0,0,0,0,0,0,FALSE,FALSE,FALSE,FALSE,0,0,0,0,0,0,0,45,45,0,0,0,0,0,0,60.5525,0,0,0.7431567648,0,6.428571429
3/17/2026 15:44:50,ia186947,high,yes,60.5525,11.0557,0,0,0,0,0,FALSE,FALSE,FALSE,FALSE,0,0,0,0,0,0,0,73,45,28,0,0,0,0,0,71.6082,0,0,1.019436322,0,10.42857143
3/17/2026 15:45:06,ia186947,high,yes,60.5525,11.0557,15.135,0,0,0,0,FALSE,FALSE,FALSE,FALSE,0,0,0,0,0,0,0,89,45,28,16,0,0,0,0,86.7432,0,0,1.026017025,0,12.71428571
3/17/2026 15:45:50,ia186947,high,yes,60.5525,11.0557,15.135,44.2228,0,0,0,FALSE,FALSE,FALSE,FALSE,0,0,0,2,0,0,0,211,45,28,16,122,0,0,0,130.966,0,2,1.611105172,0.2857142857,30.14285714
3/17/2026 15:46:09,ia186947,high,yes,60.5525,11.0557,15.135,44.2228,19.4474,0,0,FALSE,TRUE,FALSE,FALSE,0,0,0,2,0,0,0,249,45,28,16,122,38,0,0,150.4134,1,2,1.655437614,0.2857142857,35.57142857
3/17/2026 15:46:30,ia186947,high,yes,60.5525,11.0557,15.135,44.2228,19.4474,21.1291,0,FALSE,TRUE,FALSE,FALSE,0,0,0,2,0,0,0,287,45,28,16,122,38,38,0,171.5425,1,2,1.673054782,0.2857142857,41
3/17/2026 15:50:39,nb401621,low,no,5.2661,0,0,0,0,0,0,FALSE,FALSE,FALSE,FALSE,0,0,0,0,0,0,0,3,3,0,0,0,0,0,0,5.2661,0,0,0.569681548,0,0.4285714286
3/17/2026 15:50:43,nb401621,low,no,5.2661,3.9128,0,0,0,0,0,FALSE,FALSE,FALSE,FALSE,0,0,0,0,0,0,0,9,3,6,0,0,0,0,0,9.1789,0,0,0.9805096471,0,1.285714286
3/17/2026 15:50:48,nb401621,low,no,5.2661,3.9128,4.5122,0,0,0,0,FALSE,FALSE,FALSE,FALSE,0,0,0,0,0,0,0,15,3,6,6,0,0,0,0,13.6911,0,0,1.095602253,0,2.142857143
3/17/2026 15:50:57,nb401621,low,no,5.2661,3.9128,4.5122,9.5904,0,0,0,FALSE,FALSE,FALSE,FALSE,0,0,0,1,0,0,0,49,3,6,6,34,0,0,0,23.2815,0,1,2.104675386,0.1428571429,7
3/17/2026 15:51:08,nb401621,low,no,5.2661,3.9128,4.5122,9.5904,11.2222,0,0,FALSE,FALSE,FALSE,FALSE,0,0,0,1,0,0,0,71,3,6,6,34,22,0,0,34.5037,0,1,2.057750328,0.1428571429,10.14285714
3/17/2026 15:52:21,ma864623,moderate,yes,33.5546,0,0,0,0,0,0,FALSE,FALSE,FALSE,FALSE,0,0,0,0,0,0,0,0,0,0,0,0,0,0,0,33.5546,0,0,0,0,0
3/17/2026 15:52:22,ma864623,moderate,yes,33.9874,0,0,0,0,0,0,FALSE,FALSE,FALSE,FALSE,0,0,0,0,0,0,0,1,1,0,0,0,0,0,0,33.9874,0,0,0.0294226684,0,0.1428571429
3/17/2026 15:52:22,ma864623,moderate,yes,34.1706,0,0,0,0,0,0,FALSE,FALSE,FALSE,FALSE,0,0,0,0,0,0,0,2,2,0,0,0,0,0,0,34.1706,0,0,0.0585298473,0,0.2857142857
3/17/2026 15:52:22,ma864623,moderate,yes,34.3205,0,0,0,0,0,0,FALSE,FALSE,FALSE,FALSE,0,0,0,0,0,0,0,3,3,0,0,0,0,0,0,34.3205,0,0,0.08741131394,0,0.4285714286
3/17/2026 15:52:22,ma864623,moderate,yes,34.5036,0,0,0,0,0,0,FALSE,FALSE,FALSE,FALSE,0,0,0,0,0,0,0,4,4,0,0,0,0,0,0,34.5036,0,0,0.1159299319,0,0.5714285714
3/17/2026 15:52:22,ma864623,moderate,yes,34.6535,0,0,0,0,0,0,FALSE,FALSE,FALSE,FALSE,0,0,0,0,0,0,0,5,5,0,0,0,0,0,0,34.6535,0,0,0.14428557,0,0.7142857143
3/17/2026 16:15:52,nb254931,low,no,27.5743,0,0,0,0,0,0,FALSE,FALSE,FALSE,FALSE,0,0,0,0,0,0,0,29,29,0,0,0,0,0,0,27.5743,0,0,1.051703942,0,4.142857143
3/17/2026 16:15:59,nb254931,low,no,27.5743,7.8325,0,0,0,0,0,FALSE,FALSE,FALSE,FALSE,0,0,0,0,0,0,0,39,29,10,0,0,0,0,0,35.4068,0,0,1.101483331,0,5.571428571
3/17/2026 16:16:07,nb254931,low,no,27.5743,7.8325,8.2658,0,0,0,0,FALSE,FALSE,FALSE,FALSE,0,0,0,0,0,0,0,49,29,10,10,0,0,0,0,43.6726,0,0,1.121984952,0,7
3/17/2026 16:16:46,nb254931,low,no,27.5743,7.8325,8.2658,37.996,0,0,0,TRUE,FALSE,FALSE,FALSE,0,0,0,0,0,0,0,117,29,10,10,68,0,0,0,81.6686,1,0,1.432619146,0,16.71428571
3/17/2026 16:17:25,nb254931,low,no,27.5743,7.8325,8.2658,37.996,39.9291,0,0,TRUE,TRUE,FALSE,FALSE,0,0,0,0,0,0,0,229,29,10,10,68,112,0,0,121.5977,2,0,1.883259305,0,32.71428571
3/17/2026 16:18:52,nb254931,low,no,27.5743,7.8325,8.2658,37.996,39.9291,86.7242,0,TRUE,TRUE,TRUE,FALSE,0,0,0,0,0,2,0,361,29,10,10,68,112,132,0,208.3219,3,2,1.732895101,0.2857142857,51.57142857
3/17/2026 16:25:44,nb254931,low,no,27.5743,7.8325,8.2658,37.996,39.9291,86.7242,411.2899,TRUE,TRUE,TRUE,TRUE,0,0,0,0,0,2,7,1089,29,10,10,68,112,132,728,619.6118,6,9,1.757552067,1.285714286,155.5714286
3/17/2026 16:25:47,nb254931,low,no,27.5743,7.8325,8.2658,37.996,39.9291,86.7242,411.2899,TRUE,TRUE,TRUE,TRUE,0,0,0,0,0,2,7,1090,29,10,10,68,112,132,729,619.6118,6,9,1.759165981,1.285714286,155.7142857
3/17/2026 16:25:53,nb254931,low,no,27.5743,7.8325,8.2658,37.996,39.9291,86.7242,411.2899,TRUE,TRUE,TRUE,TRUE,0,0,0,0,0,2,7,1091,29,10,10,68,112,132,730,619.6118,6,9,1.760779895,1.285714286,155.8571429
3/17/2026 16:26:46,mb751756,moderate,no,20.8911,0,0,0,0,0,0,FALSE,FALSE,FALSE,FALSE,0,0,0,0,0,0,0,5,5,0,0,0,0,0,0,20.8911,0,0,0.2393363681,0,0.7142857143
3/17/2026 16:26:54,mb751756,moderate,no,20.8911,7.8324,0,0,0,0,0,FALSE,FALSE,FALSE,FALSE,0,0,0,0,0,0,0,11,5,6,0,0,0,0,0,28.7235,0,0,0.3829616864,0,1.571428571
3/17/2026 16:27:02,mb751756,moderate,no,20.8911,7.8324,7.8325,0,0,0,0,FALSE,FALSE,FALSE,FALSE,0,0,0,0,0,0,0,25,5,6,14,0,0,0,0,36.556,0,0,0.6838822628,0,3.571428571
3/17/2026 16:27:35,mb751756,moderate,no,20.8911,7.8324,7.8325,33.7631,0,0,0,TRUE,FALSE,FALSE,FALSE,0,0,0,0,0,0,0,170,5,6,14,145,0,0,0,70.3191,1,0,2.41755085,0,24.28571429
3/17/2026 16:28:04,mb751756,moderate,no,20.8911,7.8324,7.8325,33.7631,28.7637,0,0,TRUE,TRUE,FALSE,FALSE,0,0,0,0,0,0,0,189,5,6,14,145,19,0,0,99.0828,2,0,1.907495549,0,27
3/17/2026 16:28:48,mb751756,moderate,no,20.8911,7.8324,7.8325,33.7631,28.7637,43.8954,0,TRUE,TRUE,TRUE,FALSE,0,0,0,0,0,0,0,267,5,6,14,145,19,78,0,142.9782,3,0,1.86741755,0,38.14285714
3/17/2026 16:30:10,mb751756,moderate,no,20.8911,7.8324,7.8325,33.7631,28.7637,43.8954,81.8913,TRUE,TRUE,TRUE,TRUE,0,0,0,0,0,0,1,443,5,6,14,145,19,78,176,224.8695,5,1,1.970031507,0.1428571429,63.28571429
3/17/2026 17:52:22,na164139,low,yes,3.6392,0,0,0,0,0,0,FALSE,FALSE,FALSE,FALSE,0,0,0,0,0,0,0,3,3,0,0,0,0,0,0,3.6392,0,0,0.8243570015,0,0.4285714286
3/17/2026 17:52:26,na164139,low,yes,3.6392,3.9164,0,0,0,0,0,FALSE,FALSE,FALSE,FALSE,0,0,0,0,0,0,0,10,3,7,0,0,0,0,0,7.5556,0,0,1.323521626,0,1.428571429
3/17/2026 17:52:30,na164139,low,yes,3.6392,3.9164,3.9167,0,0,0,0,FALSE,FALSE,FALSE,FALSE,0,0,0,0,0,0,0,14,3,7,4,0,0,0,0,11.4723,0,0,1.22033071,0,2
3/17/2026 17:52:35,na164139,low,yes,3.6392,3.9164,3.9167,4.6661,0,0,0,FALSE,FALSE,FALSE,FALSE,0,0,0,0,0,0,0,28,3,7,4,14,0,0,0,16.1384,0,0,1.734992316,0,4
3/17/2026 17:52:39,na164139,low,yes,3.6392,3.9164,3.9167,4.6661,4.1671,0,0,FALSE,FALSE,FALSE,FALSE,0,0,0,0,0,0,0,36,3,7,4,14,8,0,0,20.3055,0,0,1.772918667,0,5.142857143
3/17/2026 17:52:44,na164139,low,yes,3.6392,3.9164,3.9167,4.6661,4.1671,4.7991,0,FALSE,FALSE,FALSE,FALSE,0,0,0,0,0,0,0,42,3,7,4,14,8,6,0,25.1046,0,0,1.673000167,0,6
3/17/2026 17:52:58,na164139,low,yes,3.6392,3.9164,3.9167,4.6661,4.1671,4.7991,14.5658,FALSE,FALSE,FALSE,FALSE,0,0,0,0,0,0,0,76,3,7,4,14,8,6,34,39.6704,0,0,1.915786077,0,10.85714286
3/17/2026 17:55:20,na447115,low,yes,3.9176,0,0,0,0,0,0,FALSE,FALSE,FALSE,FALSE,0,0,0,0,0,0,0,6,6,0,0,0,0,0,0,3.9176,0,0,1.531549929,0,0.8571428571
3/17/2026 17:55:23,na447115,low,yes,3.9176,3.9167,0,0,0,0,0,FALSE,FALSE,FALSE,FALSE,0,0,0,0,0,0,0,12,6,6,0,0,0,0,0,7.8343,0,0,1.531725872,0,1.714285714
3/17/2026 17:55:28,na447115,low,yes,3.9176,3.9167,3.9164,0,0,0,0,FALSE,FALSE,FALSE,FALSE,0,0,0,0,0,0,0,14,6,6,2,0,0,0,0,11.7507,0,0,1.191418384,0,2
3/17/2026 17:56:07,na447115,low,yes,3.9176,3.9167,3.9164,39.6146,0,0,0,TRUE,FALSE,FALSE,FALSE,0,0,0,2,0,0,0,124,6,6,2,110,0,0,0,51.3653,1,2,2.414081101,0.2857142857,17.71428571
3/17/2026 17:56:18,na447115,low,yes,3.9176,3.9167,3.9164,39.6146,11.3989,0,0,TRUE,TRUE,FALSE,FALSE,0,0,0,2,0,0,0,138,6,6,2,110,14,0,0,62.7642,2,2,2.198705632,0.2857142857,19.71428571
3/17/2026 17:57:33,na447115,low,yes,3.9176,3.9167,3.9164,39.6146,11.3989,74.5793,0,TRUE,TRUE,TRUE,FALSE,0,0,0,2,0,4,0,278,6,6,2,110,14,140,0,137.3435,3,6,2.024122001,0.8571428571,39.71428571
3/17/2026 18:00:58,na447115,low,yes,3.9176,3.9167,3.9164,39.6146,11.3989,74.5793,205.2041,TRUE,TRUE,TRUE,TRUE,0,0,0,2,0,4,3,762,6,6,2,110,14,140,484,342.5476,6,9,2.22450836,1.285714286,108.8571429
3/17/2026 18:50:22,mb549402,moderate,no,506.777,0,0,0,0,0,0,FALSE,FALSE,FALSE,FALSE,0,0,0,0,0,0,0,3,3,0,0,0,0,0,0,506.777,0,0,0.005919763525,0,0.4285714286
3/17/2026 18:50:28,mb549402,moderate,no,506.777,5.8443,0,0,0,0,0,FALSE,FALSE,FALSE,FALSE,0,0,0,0,0,0,0,19,3,16,0,0,0,0,0,512.6213,0,0,0.03706439822,0,2.714285714
3/17/2026 18:50:32,mb549402,moderate,no,506.777,5.8443,4.7619,0,0,0,0,FALSE,FALSE,FALSE,FALSE,0,0,0,0,0,0,0,25,3,16,6,0,0,0,0,517.3832,0,0,0.04832008461,0,3.571428571
3/17/2026 18:50:42,mb549402,moderate,no,506.777,5.8443,4.7619,10.1732,0,0,0,FALSE,FALSE,FALSE,FALSE,0,0,0,1,0,0,0,61,3,16,6,36,0,0,0,527.5564,0,1,0.1156274476,0.1428571429,8.714285714
3/17/2026 18:51:20,mb549402,moderate,no,506.777,5.8443,4.7619,10.1732,37.9791,0,0,FALSE,TRUE,FALSE,FALSE,0,0,0,1,1,0,0,131,3,16,6,36,70,0,0,565.5355,2,2,0.2316388626,0.2857142857,18.71428571
3/17/2026 18:52:03,mb549402,moderate,no,506.777,5.8443,4.7619,10.1732,37.9791,42.741,0,FALSE,TRUE,FALSE,FALSE,0,0,0,1,1,0,0,241,3,16,6,36,70,110,0,608.2765,2,2,0.3962013985,0.2857142857,34.42857143
3/17/2026 18:58:56,mb549402,moderate,no,506.777,5.8443,4.7619,10.1732,37.9791,42.741,412.2082,FALSE,TRUE,FALSE,FALSE,0,0,0,1,1,0,13,1312,3,16,6,36,70,110,1071,1020.4847,2,15,1.285663568,2.142857143,187.4285714
3/17/2026 19:00:30,mb549402,moderate,no,506.777,5.8443,4.7619,10.1732,37.9791,42.741,412.2082,FALSE,TRUE,FALSE,FALSE,0,0,0,1,1,0,13,1314,3,16,6,36,70,110,1073,1020.4847,2,15,1.287623421,2.142857143,187.7142857
3/17/2026 19:00:36,ia127821,high,yes,4.887,0,0,0,0,0,0,FALSE,FALSE,FALSE,FALSE,0,0,0,0,0,0,0,8,8,0,0,0,0,0,0,4.887,0,0,1.636996112,0,1.142857143
3/17/2026 19:00:41,ia127821,high,yes,4.887,5.1781,0,0,0,0,0,FALSE,FALSE,FALSE,FALSE,0,0,0,0,0,0,0,19,8,11,0,0,0,0,0,10.0651,0,0,1.887711001,0,2.714285714
3/17/2026 19:00:45,ia127821,high,yes,4.887,5.1781,4.7953,0,0,0,0,FALSE,FALSE,FALSE,FALSE,0,0,0,0,0,0,0,25,8,11,6,0,0,0,0,14.8604,0,0,1.682323491,0,3.571428571
3/17/2026 19:03:02,nb493906,low,no,42.1175,0,0,0,0,0,0,FALSE,FALSE,FALSE,FALSE,0,0,0,0,0,0,0,5,5,0,0,0,0,0,0,42.1175,0,0,0.1187154983,0,0.7142857143
3/17/2026 19:03:05,nb493906,low,no,42.1175,4.1293,0,0,0,0,0,FALSE,FALSE,FALSE,FALSE,0,0,0,0,0,0,0,17,5,12,0,0,0,0,0,46.2468,0,0,0.367593001,0,2.428571429
3/17/2026 19:03:11,nb493906,low,no,42.1175,4.1293,4.9616,0,0,0,0,FALSE,FALSE,FALSE,FALSE,0,0,0,0,0,0,0,27,5,12,10,0,0,0,0,51.2084,0,0,0.5272572469,0,3.857142857
3/17/2026 19:03:27,nb493906,low,no,42.1175,4.1293,4.9616,16.6835,0,0,0,FALSE,FALSE,FALSE,FALSE,0,0,0,4,0,0,0,95,5,12,10,68,0,0,0,67.8919,0,4,1.399283272,0.5714285714,13.57142857
3/17/2026 19:04:04,nb493906,low,no,42.1175,4.1293,4.9616,16.6835,36.4972,0,0,FALSE,TRUE,FALSE,FALSE,0,0,0,4,3,0,0,187,5,12,10,68,92,0,0,104.3891,2,7,1.79137477,1,26.71428571
3/17/2026 19:04:37,nb493906,low,no,42.1175,4.1293,4.9616,16.6835,36.4972,33.6999,0,FALSE,TRUE,FALSE,FALSE,0,0,0,4,3,0,0,302,5,12,10,68,92,115,0,138.089,2,7,2.186995344,1,43.14285714
3/17/2026 19:05:03,nb493906,low,no,42.1175,4.1293,4.9616,16.6835,36.4972,59.6243,0,FALSE,TRUE,FALSE,FALSE,0,0,0,4,3,0,0,392,5,12,10,68,92,205,0,164.0134,2,7,2.390048618,1,56
3/17/2026 19:05:04,nb493906,low,no,42.1175,4.1293,4.9616,16.6835,36.4972,59.7741,0,FALSE,TRUE,FALSE,FALSE,0,0,0,4,3,0,0,393,5,12,10,68,92,206,0,164.1632,2,7,2.393959182,1,56.14285714
3/17/2026 19:05:09,nb493906,low,no,42.1175,4.1293,4.9616,16.6835,36.4972,65.1854,0,FALSE,TRUE,FALSE,FALSE,0,0,0,4,3,0,0,394,5,12,10,68,92,207,0,169.5745,2,7,2.323462549,1,56.28571429
3/17/2026 19:05:09,nb493906,low,no,42.1175,4.1293,4.9616,16.6835,36.4972,65.3353,0,FALSE,TRUE,FALSE,FALSE,0,0,0,4,3,0,0,395,5,12,10,68,92,208,0,169.7244,2,7,2.32730238,1,56.42857143
3/17/2026 19:05:09,nb493906,low,no,42.1175,4.1293,4.9616,16.6835,36.4972,65.5018,0,FALSE,TRUE,FALSE,FALSE,0,0,0,4,3,0,0,396,5,12,10,68,92,209,0,169.8909,2,7,2.330907659,1,56.57142857
3/17/2026 19:05:09,nb493906,low,no,42.1175,4.1293,4.9616,16.6835,36.4972,65.6683,0,FALSE,TRUE,FALSE,FALSE,0,0,0,4,3,0,0,397,5,12,10,68,92,210,0,170.0574,2,7,2.334505879,1,56.71428571
3/17/2026 19:05:10,nb493906,low,no,42.1175,4.1293,4.9616,16.6835,36.4972,65.8514,0,FALSE,TRUE,FALSE,FALSE,0,0,0,4,3,0,0,398,5,12,10,68,92,211,0,170.2405,2,7,2.337869073,1,56.85714286
3/17/2026 19:05:10,nb493906,low,no,42.1175,4.1293,4.9616,16.6835,36.4972,66.0179,0,FALSE,TRUE,FALSE,FALSE,0,0,0,4,3,0,0,399,5,12,10,68,92,212,0,170.407,2,7,2.341453109,1,57
3/17/2026 19:05:10,nb493906,low,no,42.1175,4.1293,4.9616,16.6835,36.4972,66.2011,0,FALSE,TRUE,FALSE,FALSE,0,0,0,4,3,0,0,400,5,12,10,68,92,213,0,170.5902,2,7,2.344800581,1,57.14285714
3/17/2026 19:09:27,ia127821,high,yes,4.887,5.1781,4.7953,521.9059,0,0,0,FALSE,FALSE,FALSE,FALSE,0,0,0,8,0,0,0,207,8,11,6,182,0,0,0,536.7663,0,8,0.3856426903,1.142857143,29.57142857
3/17/2026 19:09:41,ia127821,high,yes,4.887,5.1781,4.7953,521.9059,13.8862,0,0,FALSE,FALSE,FALSE,FALSE,0,0,0,8,1,0,0,243,8,11,6,182,36,0,0,550.6525,0,9,0.4412946459,1.285714286,34.71428571
3/17/2026 19:10:07,ia127821,high,yes,4.887,5.1781,4.7953,521.9059,13.8862,26.1242,0,FALSE,FALSE,FALSE,FALSE,0,0,0,8,1,0,0,331,8,11,6,182,36,88,0,576.7767,0,9,0.5738789379,1.285714286,47.28571429
3/17/2026 19:12:40,ia127821,high,yes,4.887,5.1781,4.7953,521.9059,13.8862,26.1242,152.5654,FALSE,FALSE,FALSE,FALSE,0,0,0,8,1,0,6,770,8,11,6,182,36,88,439,729.3421,0,15,1.055745994,2.142857143,110
3/17/2026 19:12:47,ia939601,high,yes,32.9008,0,0,0,0,0,0,FALSE,FALSE,FALSE,FALSE,0,0,0,0,0,0,0,3,3,0,0,0,0,0,0,32.9008,0,0,0.09118319311,0,0.4285714286
3/17/2026 19:13:06,ia939601,high,yes,32.9008,18.7481,0,0,0,0,0,FALSE,FALSE,FALSE,FALSE,0,0,0,0,0,0,0,73,3,70,0,0,0,0,0,51.6489,0,0,1.413389249,0,10.42857143
3/17/2026 19:13:20,ia939601,high,yes,32.9008,18.7481,14.282,0,0,0,0,FALSE,FALSE,FALSE,FALSE,0,0,4,0,0,0,0,95,3,70,22,0,0,0,0,65.9309,0,4,1.440902521,0.5714285714,13.57142857
3/17/2026 19:16:46,ia939601,high,yes,32.9008,18.7481,14.282,205.4949,0,0,0,FALSE,FALSE,FALSE,FALSE,0,0,4,21,0,0,0,511,3,70,22,416,0,0,0,271.4258,0,25,1.882650802,3.571428571,73
3/17/2026 19:18:28,ia939601,high,yes,32.9008,18.7481,14.282,205.4949,102.2725,0,0,FALSE,FALSE,FALSE,FALSE,0,0,4,21,0,0,0,686,3,70,22,416,175,0,0,373.6983,0,25,1.835705434,3.571428571,98
3/17/2026 19:18:34,ia939601,high,yes,32.9008,18.7481,14.282,205.4949,108.4386,0,0,FALSE,FALSE,FALSE,FALSE,0,0,4,21,0,0,0,687,3,70,22,416,176,0,0,379.8644,0,25,1.8085401,3.571428571,98.14285714
3/17/2026 19:18:36,ia939601,high,yes,32.9008,18.7481,14.282,205.4949,109.8885,0,0,FALSE,FALSE,FALSE,FALSE,0,0,4,21,0,0,0,688,3,70,22,416,177,0,0,381.3143,0,25,1.804285861,3.571428571,98.28571429
3/17/2026 19:18:38,ia939601,high,yes,32.9008,18.7481,14.282,205.4949,111.8049,0,0,FALSE,FALSE,FALSE,FALSE,0,0,4,21,0,0,0,689,3,70,22,416,178,0,0,383.2307,0,25,1.797872665,3.571428571,98.42857143
3/17/2026 19:42:06,nb749410,low,no,49.4653,0,0,0,0,0,0,FALSE,FALSE,FALSE,FALSE,0,0,0,0,0,0,0,5,5,0,0,0,0,0,0,49.4653,0,0,0.1010809598,0,0.7142857143
3/17/2026 19:42:15,nb749410,low,no,49.4653,8.7324,0,0,0,0,0,FALSE,FALSE,FALSE,FALSE,0,0,0,0,0,0,0,43,5,38,0,0,0,0,0,58.1977,0,0,0.7388608141,0,6.142857143
3/17/2026 19:42:20,nb749410,low,no,49.4653,8.7324,4.9662,0,0,0,0,FALSE,FALSE,FALSE,FALSE,0,0,0,0,0,0,0,53,5,38,10,0,0,0,0,63.1639,0,0,0.8390868835,0,7.571428571
3/17/2026 19:43:23,nb749410,low,no,49.4653,8.7324,4.9662,62.76,0,0,0,FALSE,FALSE,FALSE,FALSE,0,0,0,6,0,0,0,239,5,38,10,186,0,0,0,125.9239,0,6,1.897971711,0.8571428571,34.14285714
3/17/2026 19:43:52,nb749410,low,no,49.4653,8.7324,4.9662,62.76,30.0468,0,0,FALSE,TRUE,FALSE,FALSE,0,0,0,6,1,0,0,293,5,38,10,186,54,0,0,155.9707,1,7,1.87855796,1,41.85714286
3/17/2026 19:44:26,nb749410,low,no,49.4653,8.7324,4.9662,62.76,30.0468,33.5465,0,FALSE,TRUE,FALSE,FALSE,0,0,0,6,1,0,0,367,5,38,10,186,54,74,0,189.5172,1,7,1.936499695,1,52.42857143
3/17/2026 19:45:27,nb749410,low,no,49.4653,8.7324,4.9662,62.76,30.0468,33.5465,61.2769,FALSE,TRUE,FALSE,FALSE,0,0,0,6,1,0,0,517,5,38,10,186,54,74,150,250.7941,1,7,2.061452004,1,73.85714286
3/17/2026 20:13:49,mb697987,moderate,no,40.3316,0,0,0,0,0,0,FALSE,FALSE,FALSE,FALSE,0,0,0,0,0,0,0,25,25,0,0,0,0,0,0,40.3316,0,0,0.6198613494,0,3.571428571
3/17/2026 20:14:06,mb697987,moderate,no,40.3316,16.8315,0,0,0,0,0,FALSE,FALSE,FALSE,FALSE,0,0,0,0,0,0,0,71,25,46,0,0,0,0,0,57.1631,0,0,1.24206,0,10.14285714
3/17/2026 20:14:11,mb697987,moderate,no,40.3316,16.8315,5.7162,0,0,0,0,FALSE,FALSE,FALSE,FALSE,0,0,0,0,0,0,0,81,25,46,10,0,0,0,0,62.8793,0,0,1.288182279,0,11.57142857
3/17/2026 20:14:50,mb697987,moderate,no,40.3316,16.8315,5.7162,39.0625,0,0,0,TRUE,FALSE,FALSE,FALSE,0,0,0,3,0,0,0,185,25,46,10,104,0,0,0,101.9418,1,3,1.814760971,0.4285714286,26.42857143
3/17/2026 20:15:19,mb697987,moderate,no,40.3316,16.8315,5.7162,39.0625,28.4303,0,0,TRUE,TRUE,FALSE,FALSE,0,0,0,3,1,0,0,241,25,46,10,104,56,0,0,130.3721,2,4,1.848555021,0.5714285714,34.42857143
3/17/2026 20:15:25,mb697987,moderate,no,40.3316,16.8315,5.7162,39.0625,28.4303,5.6494,0,TRUE,TRUE,FALSE,FALSE,0,0,0,3,1,0,0,242,25,46,10,104,56,1,0,136.0215,2,4,1.779130505,0.5714285714,34.57142857
3/17/2026 20:16:18,na933931,low,yes,20.5916,0,0,0,0,0,0,FALSE,FALSE,FALSE,FALSE,0,0,0,0,0,0,0,3,3,0,0,0,0,0,0,20.5916,0,0,0.1456904757,0,0.4285714286
3/17/2026 20:16:22,na933931,low,yes,20.5916,4.2996,0,0,0,0,0,FALSE,FALSE,FALSE,FALSE,0,0,0,0,0,0,0,13,3,10,0,0,0,0,0,24.8912,0,0,0.5222729318,0,1.857142857
3/17/2026 20:16:28,na933931,low,yes,20.5916,4.2996,5.566,0,0,0,0,FALSE,FALSE,FALSE,FALSE,0,0,0,0,0,0,0,21,3,10,8,0,0,0,0,30.4572,0,0,0.6894921398,0,3
3/17/2026 20:16:56,na933931,low,yes,20.5916,4.2996,5.566,28.4137,0,0,0,TRUE,FALSE,FALSE,FALSE,0,0,0,3,0,0,0,97,3,10,8,76,0,0,0,58.8709,1,3,1.647673129,0.4285714286,13.85714286
3/17/2026 20:17:09,nb942747,low,no,29.2628,0,0,0,0,0,0,FALSE,FALSE,FALSE,FALSE,0,0,0,0,0,0,0,9,9,0,0,0,0,0,0,29.2628,0,0,0.3075577183,0,1.285714286
3/17/2026 20:17:14,nb942747,low,no,29.2628,5.2448,0,0,0,0,0,FALSE,FALSE,FALSE,FALSE,0,0,0,0,0,0,0,25,9,16,0,0,0,0,0,34.5076,0,0,0.724478086,0,3.571428571
3/17/2026 20:17:20,nb942747,low,no,29.2628,5.2448,6.5934,0,0,0,0,FALSE,FALSE,FALSE,FALSE,0,0,0,0,0,0,0,39,9,16,14,0,0,0,0,41.101,0,0,0.9488820223,0,5.571428571
3/17/2026 20:18:17,nb942747,low,no,29.2628,5.2448,6.5934,56.6606,0,0,0,FALSE,FALSE,FALSE,FALSE,0,0,0,4,0,0,0,201,9,16,14,162,0,0,0,97.7616,0,4,2.056021996,0.5714285714,28.71428571
3/17/2026 20:18:26,na933931,low,yes,20.5916,4.2996,5.566,28.4137,89.9905,0,0,TRUE,TRUE,FALSE,FALSE,0,0,0,3,1,0,0,155,3,10,8,76,58,0,0,148.8614,2,4,1.041237016,0.5714285714,22.14285714
3/17/2026 20:18:41,nb942747,low,no,29.2628,5.2448,6.5934,56.6606,24.2759,0,0,FALSE,TRUE,FALSE,FALSE,0,0,0,4,1,0,0,239,9,16,14,162,38,0,0,122.0375,1,5,1.958414422,0.7142857143,34.14285714
3/17/2026 20:20:10,nb942747,low,no,29.2628,5.2448,6.5934,56.6606,24.2759,88.6455,0,FALSE,TRUE,FALSE,FALSE,0,0,0,4,1,0,0,417,9,16,14,162,38,178,0,210.683,1,5,1.979276923,0.7142857143,59.57142857
3/17/2026 20:21:33,na933931,low,yes,20.5916,4.2996,5.566,28.4137,89.9905,186.647,0,TRUE,TRUE,TRUE,FALSE,0,0,0,3,1,11,0,553,3,10,8,76,58,398,0,335.5084,3,15,1.648244873,2.142857143,79
3/17/2026 20:22:58,nb942747,low,no,29.2628,5.2448,6.5934,56.6606,24.2759,88.6455,168.2167,FALSE,TRUE,FALSE,FALSE,0,0,0,4,1,0,6,827,9,16,14,162,38,178,410,378.8997,1,11,2.182635668,1.571428571,118.1428571
3/17/2026 20:23:16,nb942747,low,no,29.2628,5.2448,6.5934,56.6606,24.2759,88.6455,168.2167,FALSE,TRUE,FALSE,FALSE,0,0,0,4,1,0,6,828,9,16,14,162,38,178,411,378.8997,1,11,2.185274889,1.571428571,118.2857143
3/17/2026 20:26:58,na933931,low,yes,20.5916,4.2996,5.566,28.4137,89.9905,186.647,324.4658,TRUE,TRUE,TRUE,FALSE,0,0,0,3,1,11,9,1231,3,10,8,76,58,398,678,659.9742,3,24,1.865224428,3.428571429,175.8571429
3/17/2026 20:27:17,na933931,low,yes,20.5916,4.2996,5.566,28.4137,89.9905,186.647,324.4658,TRUE,TRUE,TRUE,FALSE,0,0,0,3,1,11,9,1232,3,10,8,76,58,398,679,659.9742,3,24,1.866739639,3.428571429,176
3/17/2026 20:27:22,na933931,low,yes,20.5916,4.2996,5.566,28.4137,89.9905,186.647,324.4658,TRUE,TRUE,TRUE,FALSE,0,0,0,3,1,11,9,1237,3,10,8,76,58,398,684,659.9742,3,24,1.874315693,3.428571429,176.7142857
3/17/2026 20:27:28,na933931,low,yes,20.5916,4.2996,5.566,28.4137,89.9905,186.647,324.4658,TRUE,TRUE,TRUE,FALSE,0,0,0,3,1,11,9,1244,3,10,8,76,58,398,691,659.9742,3,24,1.884922168,3.428571429,177.7142857
3/17/2026 20:36:29,ma283103,moderate,yes,10.5201,0,0,0,0,0,0,FALSE,FALSE,FALSE,FALSE,0,0,0,0,0,0,0,7,7,0,0,0,0,0,0,10.5201,0,0,0.6653929145,0,1
3/17/2026 20:36:33,ma283103,moderate,yes,10.5201,4.5008,0,0,0,0,0,FALSE,FALSE,FALSE,FALSE,0,0,0,0,0,0,0,19,7,12,0,0,0,0,0,15.0209,0,0,1.264904233,0,2.714285714
3/17/2026 20:36:37,ma283103,moderate,yes,10.5201,4.5008,4.3165,0,0,0,0,FALSE,FALSE,FALSE,FALSE,0,0,0,0,0,0,0,33,7,12,14,0,0,0,0,19.3374,0,0,1.70653759,0,4.714285714
3/17/2026 20:36:57,ma283103,moderate,yes,10.5201,4.5008,4.3165,19.7334,0,0,0,FALSE,FALSE,FALSE,FALSE,0,0,0,3,0,0,0,75,7,12,14,42,0,0,0,39.0708,0,3,1.919592125,0.4285714286,10.71428571
3/17/2026 20:37:09,ma283103,moderate,yes,10.5201,4.5008,4.3165,19.7334,11.8,0,0,FALSE,TRUE,FALSE,FALSE,0,0,0,3,0,0,0,91,7,12,14,42,16,0,0,50.8708,1,3,1.788845467,0.4285714286,13
3/17/2026 20:37:23,ma283103,moderate,yes,10.5201,4.5008,4.3165,19.7334,11.8,14.0334,0,FALSE,TRUE,FALSE,FALSE,0,0,0,3,0,0,0,125,7,12,14,42,16,34,0,64.9042,1,3,1.925915426,0.4285714286,17.85714286
3/17/2026 20:39:35,ma283103,moderate,yes,10.5201,4.5008,4.3165,19.7334,11.8,14.0334,131.9599,FALSE,TRUE,FALSE,FALSE,0,0,0,3,0,0,2,298,7,12,14,42,16,34,173,196.8641,1,5,1.513734602,0.7142857143,42.57142857
3/17/2026 21:46:09,ma001477,moderate,yes,830.2453,0,0,0,0,0,0,FALSE,FALSE,FALSE,FALSE,0,0,0,0,0,0,0,4,4,0,0,0,0,0,0,830.2453,0,0,0.00481785323,0,0.5714285714
3/17/2026 21:46:13,ma001477,moderate,yes,830.2453,4.1496,0,0,0,0,0,FALSE,FALSE,FALSE,FALSE,0,0,0,0,0,0,0,13,4,9,0,0,0,0,0,834.3949,0,0,0.01558015276,0,1.857142857
3/17/2026 21:46:19,ma001477,moderate,yes,830.2453,4.1496,6.0493,0,0,0,0,FALSE,FALSE,FALSE,FALSE,0,0,0,0,0,0,0,25,4,9,12,0,0,0,0,840.4442,0,0,0.0297461747,0,3.571428571
3/17/2026 21:47:44,ma001477,moderate,yes,830.2453,4.1496,6.0493,85.5576,0,0,0,TRUE,FALSE,FALSE,FALSE,0,0,0,5,0,0,0,285,4,9,12,260,0,0,0,926.0018,1,5,0.3077747797,0.7142857143,40.71428571
3/17/2026 21:48:27,ma001477,moderate,yes,830.2453,4.1496,6.0493,85.5576,42.8456,0,0,TRUE,TRUE,FALSE,FALSE,0,0,0,5,3,0,0,357,4,9,12,260,72,0,0,968.8474,4,8,0.3684790814,1.142857143,51
3/17/2026 21:49:00,ma001477,moderate,yes,830.2453,4.1496,6.0493,85.5576,42.8456,33.0298,0,TRUE,TRUE,TRUE,FALSE,0,0,0,5,3,1,0,409,4,9,12,260,72,52,0,1001.8772,5,9,0.4082336638,1.285714286,58.42857143
3/17/2026 22:04:41,nb425808,low,no,6.0873,0,0,0,0,0,0,FALSE,FALSE,FALSE,FALSE,0,0,0,0,0,0,0,1,1,0,0,0,0,0,0,6.0873,0,0,0.1642764444,0,0.1428571429
3/17/2026 22:04:50,nb425808,low,no,6.0873,8.2346,0,0,0,0,0,FALSE,FALSE,FALSE,FALSE,0,0,0,0,0,0,0,39,1,38,0,0,0,0,0,14.3219,0,0,2.723102382,0,5.571428571
3/17/2026 22:04:57,nb425808,low,no,6.0873,8.2346,7.8595,0,0,0,0,FALSE,FALSE,FALSE,FALSE,0,0,0,0,0,0,0,51,1,38,12,0,0,0,0,22.1814,0,0,2.299223674,0,7.285714286
3/17/2026 22:05:23,nb425808,low,no,6.0873,8.2346,7.8595,25.8561,0,0,0,FALSE,FALSE,FALSE,FALSE,0,0,0,0,0,0,0,54,1,38,12,3,0,0,0,48.0375,0,0,1.12412178,0,7.714285714
3/17/2026 22:05:24,nb425808,low,no,6.0873,8.2346,7.8595,26.231,0,0,0,FALSE,FALSE,FALSE,FALSE,0,0,0,0,0,0,0,55,1,38,12,4,0,0,0,48.4124,0,0,1.136072576,0,7.857142857
3/17/2026 22:05:24,nb425808,low,no,6.0873,8.2346,7.8595,26.967,0,0,0,FALSE,FALSE,FALSE,FALSE,0,0,0,0,0,0,0,56,1,38,12,5,0,0,0,49.1484,0,0,1.139406369,0,8
3/17/2026 22:05:25,nb425808,low,no,6.0873,8.2346,7.8595,27.328,0,0,0,FALSE,FALSE,FALSE,FALSE,0,0,0,0,0,0,0,57,1,38,12,6,0,0,0,49.5094,0,0,1.151296521,0,8.142857143
3/17/2026 22:05:25,nb425808,low,no,6.0873,8.2346,7.8595,28.1056,0,0,0,FALSE,FALSE,FALSE,FALSE,0,0,0,0,0,0,0,58,1,38,12,7,0,0,0,50.287,0,0,1.153379601,0,8.285714286
3/17/2026 22:05:26,nb425808,low,no,6.0873,8.2346,7.8595,28.3903,0,0,0,FALSE,FALSE,FALSE,FALSE,0,0,0,0,0,0,0,59,1,38,12,8,0,0,0,50.5717,0,0,1.166660405,0,8.428571429
3/17/2026 22:05:26,nb425808,low,no,6.0873,8.2346,7.8595,28.6264,0,0,0,FALSE,FALSE,FALSE,FALSE,0,0,0,0,0,0,0,60,1,38,12,9,0,0,0,50.8078,0,0,1.18092104,0,8.571428571
3/17/2026 22:05:26,nb425808,low,no,6.0873,8.2346,7.8595,28.9111,0,0,0,FALSE,FALSE,FALSE,FALSE,0,0,0,0,0,0,0,61,1,38,12,10,0,0,0,51.0925,0,0,1.193913001,0,8.714285714
3/17/2026 22:05:28,nb425808,low,no,6.0873,8.2346,7.8595,30.3483,0,0,0,FALSE,FALSE,FALSE,FALSE,0,0,0,0,0,0,0,62,1,38,12,11,0,0,0,52.5297,0,0,1.180284677,0,8.857142857
3/17/2026 22:05:28,nb425808,low,no,6.0873,8.2346,7.8595,30.7857,0,0,0,FALSE,FALSE,FALSE,FALSE,0,0,0,0,0,0,0,63,1,38,12,12,0,0,0,52.9671,0,0,1.189417582,0,9
3/17/2026 22:06:27,ib490080,high,no,45.4527,0,0,0,0,0,0,FALSE,FALSE,FALSE,FALSE,0,0,0,0,0,0,0,1,1,0,0,0,0,0,0,45.4527,0,0,0.02200089324,0,0.1428571429
3/17/2026 22:06:32,ib490080,high,no,45.4527,4.4713,0,0,0,0,0,FALSE,FALSE,FALSE,FALSE,0,0,0,0,0,0,0,29,1,28,0,0,0,0,0,49.924,0,0,0.5808829421,0,4.142857143
3/17/2026 22:06:35,ib490080,high,no,45.4527,4.4713,2.6454,0,0,0,0,FALSE,FALSE,FALSE,FALSE,0,0,0,0,0,0,0,37,1,28,8,0,0,0,0,52.5694,0,0,0.7038315065,0,5.285714286
3/17/2026 22:07:40,ib490080,high,no,45.4527,4.4713,2.6454,65.2581,0,0,0,FALSE,FALSE,FALSE,FALSE,0,0,0,17,0,0,0,335,1,28,8,298,0,0,0,117.8275,0,17,2.843139335,2.428571429,47.85714286
3/17/2026 22:07:57,ib490080,high,no,45.4527,4.4713,2.6454,65.2581,16.8231,0,0,FALSE,TRUE,FALSE,FALSE,0,0,0,17,0,0,0,399,1,28,8,298,64,0,0,134.6506,1,17,2.96322482,2.428571429,57
3/17/2026 22:08:46,ib490080,high,no,45.4527,4.4713,2.6454,65.2581,16.8231,49.1571,0,FALSE,TRUE,FALSE,FALSE,0,0,0,17,0,1,0,561,1,28,8,298,64,162,0,183.8077,1,18,3.052102823,2.571428571,80.14285714
3/17/2026 22:09:03,ib490080,high,no,45.4527,4.4713,2.6454,65.2581,16.8231,49.1571,17.0732,FALSE,TRUE,FALSE,FALSE,0,0,0,17,0,1,1,594,1,28,8,298,64,162,33,200.8809,1,19,2.956975999,2.714285714,84.85714286
3/17/2026 22:09:04,ib490080,high,no,45.4527,4.4713,2.6454,65.2581,16.8231,49.1571,18.4409,FALSE,TRUE,FALSE,FALSE,0,0,0,17,0,1,1,595,1,28,8,298,64,162,34,202.2486,1,19,2.941923949,2.714285714,85
3/17/2026 22:09:05,ib490080,high,no,45.4527,4.4713,2.6454,65.2581,16.8231,49.1571,18.6145,FALSE,TRUE,FALSE,FALSE,0,0,0,17,0,1,1,596,1,28,8,298,64,162,35,202.4222,1,19,2.944341085,2.714285714,85.14285714
3/17/2026 22:09:05,ib490080,high,no,45.4527,4.4713,2.6454,65.2581,16.8231,49.1571,18.7672,FALSE,TRUE,FALSE,FALSE,0,0,0,17,0,1,1,597,1,28,8,298,64,162,36,202.5749,1,19,2.9470581,2.714285714,85.28571429
3/17/2026 22:09:08,ib490080,high,no,45.4527,4.4713,2.6454,65.2581,16.8231,49.1571,21.7528,FALSE,TRUE,FALSE,FALSE,0,0,0,17,0,1,1,598,1,28,8,298,64,162,37,205.5605,1,19,2.909119213,2.714285714,85.42857143
3/17/2026 22:09:08,ib490080,high,no,45.4527,4.4713,2.6454,65.2581,16.8231,49.1571,21.9263,FALSE,TRUE,FALSE,FALSE,0,0,0,17,0,1,1,599,1,28,8,298,64,162,38,205.734,1,19,2.911526534,2.714285714,85.57142857
3/17/2026 22:09:08,ib490080,high,no,45.4527,4.4713,2.6454,65.2581,16.8231,49.1571,22.0652,FALSE,TRUE,FALSE,FALSE,0,0,0,17,0,1,1,600,1,28,8,298,64,162,39,205.8729,1,19,2.914419528,2.714285714,85.71428571
3/17/2026 22:09:08,ib490080,high,no,45.4527,4.4713,2.6454,65.2581,16.8231,49.1571,22.1902,FALSE,TRUE,FALSE,FALSE,0,0,0,17,0,1,1,601,1,28,8,298,64,162,40,205.9979,1,19,2.91750547,2.714285714,85.85714286
3/17/2026 22:09:09,ib490080,high,no,45.4527,4.4713,2.6454,65.2581,16.8231,49.1571,22.6623,FALSE,TRUE,FALSE,FALSE,0,0,0,17,0,1,1,602,1,28,8,298,64,162,41,206.47,1,19,2.915677822,2.714285714,86
3/17/2026 22:09:09,ib490080,high,no,45.4527,4.4713,2.6454,65.2581,16.8231,49.1571,22.9539,FALSE,TRUE,FALSE,FALSE,0,0,0,17,0,1,1,603,1,28,8,298,64,162,42,206.7616,1,19,2.916402272,2.714285714,86.14285714
3/17/2026 22:09:09,ib490080,high,no,45.4527,4.4713,2.6454,65.2581,16.8231,49.1571,23.1066,FALSE,TRUE,FALSE,FALSE,0,0,0,17,0,1,1,604,1,28,8,298,64,162,43,206.9143,1,19,2.919082925,2.714285714,86.28571429
3/17/2026 22:09:09,ib490080,high,no,45.4527,4.4713,2.6454,65.2581,16.8231,49.1571,23.2316,FALSE,TRUE,FALSE,FALSE,0,0,0,17,0,1,1,605,1,28,8,298,64,162,44,207.0393,1,19,2.922150529,2.714285714,86.42857143
3/17/2026 22:23:43,na697363,low,yes,5.8677,0,0,0,0,0,0,FALSE,FALSE,FALSE,FALSE,0,0,0,0,0,0,0,7,7,0,0,0,0,0,0,5.8677,0,0,1.192971692,0,1
3/17/2026 22:23:47,na697363,low,yes,5.8677,3.9829,0,0,0,0,0,FALSE,FALSE,FALSE,FALSE,0,0,0,0,0,0,0,13,7,6,0,0,0,0,0,9.8506,0,0,1.319716565,0,1.857142857
3/17/2026 22:23:51,na697363,low,yes,5.8677,3.9829,4.0663,0,0,0,0,FALSE,FALSE,FALSE,FALSE,0,0,0,0,0,0,0,21,7,6,8,0,0,0,0,13.9169,0,0,1.508956736,0,3
3/17/2026 22:24:11,na697363,low,yes,5.8677,3.9829,4.0663,20.2479,0,0,0,TRUE,FALSE,FALSE,FALSE,0,0,0,0,0,0,0,79,7,6,8,58,0,0,0,34.1648,1,0,2.312321454,0,11.28571429
3/17/2026 22:24:27,na697363,low,yes,5.8677,3.9829,4.0663,20.2479,15.765,0,0,TRUE,TRUE,FALSE,FALSE,0,0,0,0,0,0,0,99,7,6,8,58,20,0,0,49.9298,2,0,1.982783828,0,14.14285714
3/17/2026 22:24:46,na697363,low,yes,5.8677,3.9829,4.0663,20.2479,15.765,19.2313,0,TRUE,TRUE,FALSE,FALSE,0,0,0,0,0,0,0,145,7,6,8,58,20,46,0,69.1611,2,0,2.096554277,0,20.71428571
3/17/2026 22:31:41,ib980977,high,no,5.657,0,0,0,0,0,0,FALSE,FALSE,FALSE,FALSE,0,0,0,0,0,0,0,1,1,0,0,0,0,0,0,5.657,0,0,0.1767721407,0,0.1428571429
3/17/2026 22:31:45,ib980977,high,no,5.657,4.3997,0,0,0,0,0,FALSE,FALSE,FALSE,FALSE,0,0,0,0,0,0,0,10,1,9,0,0,0,0,0,10.0567,0,0,0.9943619676,0,1.428571429
3/17/2026 22:31:51,ib980977,high,no,5.657,4.3997,4.7829,0,0,0,0,FALSE,FALSE,FALSE,FALSE,0,0,0,0,0,0,0,21,1,9,11,0,0,0,0,14.8396,0,0,1.415132483,0,3
3/17/2026 22:33:18,ib980977,high,no,5.657,4.3997,4.7829,87.1407,0,0,0,FALSE,FALSE,FALSE,FALSE,0,0,0,13,0,0,0,341,1,9,11,320,0,0,0,101.9803,0,13,3.343783064,1.857142857,48.71428571
3/17/2026 22:33:37,ib980977,high,no,5.657,4.3997,4.7829,87.1407,19.5312,0,0,FALSE,TRUE,FALSE,FALSE,0,0,0,13,0,0,0,381,1,9,11,320,40,0,0,121.5115,1,13,3.135505693,1.857142857,54.42857143
3/17/2026 22:33:55,na697363,low,yes,5.8677,3.9829,4.0663,20.2479,15.765,19.2313,548.6678,TRUE,TRUE,FALSE,TRUE,0,0,0,0,0,0,3,670,7,6,8,58,20,46,525,617.8289,4,3,1.084442635,0.4285714286,95.71428571
3/17/2026 22:34:41,ib980977,high,no,5.657,4.3997,4.7829,87.1407,19.5312,63.7434,0,FALSE,TRUE,FALSE,FALSE,0,0,0,13,0,3,0,545,1,9,11,320,40,164,0,185.2549,1,16,2.941892495,2.285714286,77.85714286
3/18/2026 8:37:17,mb271620,moderate,no,488.8595,0,0,0,0,0,0,FALSE,FALSE,FALSE,FALSE,0,0,0,0,0,0,0,7,7,0,0,0,0,0,0,488.8595,0,0,0.01431904259,0,1
3/18/2026 8:37:21,mb271620,moderate,no,488.8595,3.9794,0,0,0,0,0,FALSE,FALSE,FALSE,FALSE,0,0,0,0,0,0,0,15,7,8,0,0,0,0,0,492.8389,0,0,0.03043590918,0,2.142857143
3/18/2026 8:37:25,mb271620,moderate,no,488.8595,3.9794,3.9128,0,0,0,0,FALSE,FALSE,FALSE,FALSE,0,0,0,0,0,0,0,19,7,8,4,0,0,0,0,496.7517,0,0,0.03824848511,0,2.714285714
3/18/2026 8:37:57,mb271620,moderate,no,488.8595,3.9794,3.9128,32.3513,0,0,0,TRUE,FALSE,FALSE,FALSE,0,0,0,1,0,0,0,133,7,8,4,114,0,0,0,529.103,1,1,0.2513688261,0.1428571429,19
3/18/2026 8:38:10,mb271620,moderate,no,488.8595,3.9794,3.9128,32.3513,13.2202,0,0,TRUE,TRUE,FALSE,FALSE,0,0,0,1,0,0,0,161,7,8,4,114,28,0,0,542.3232,2,1,0.2968709434,0.1428571429,23
3/18/2026 8:40:54,ia624567,high,yes,35.5476,0,0,0,0,0,0,FALSE,FALSE,FALSE,FALSE,0,0,0,0,0,0,0,5,5,0,0,0,0,0,0,35.5476,0,0,0.1406564719,0,0.7142857143
3/18/2026 8:41:05,mb995281,moderate,no,8.1336,0,0,0,0,0,0,FALSE,FALSE,FALSE,FALSE,0,0,0,0,0,0,0,7,7,0,0,0,0,0,0,8.1336,0,0,0.8606275204,0,1
3/18/2026 8:41:05,ia624567,high,yes,35.5476,11.0556,0,0,0,0,0,FALSE,FALSE,FALSE,FALSE,0,0,0,0,0,0,0,39,5,34,0,0,0,0,0,46.6032,0,0,0.836852405,0,5.571428571
3/18/2026 8:41:20,ia624567,high,yes,35.5476,11.0556,14.2692,0,0,0,0,FALSE,FALSE,FALSE,FALSE,0,0,1,0,0,0,0,79,5,34,40,0,0,0,0,60.8724,0,1,1.297796703,0.1428571429,11.28571429
3/18/2026 8:41:28,mb271620,moderate,no,488.8595,3.9794,3.9128,32.3513,13.2202,198.2369,0,TRUE,TRUE,FALSE,FALSE,0,0,0,1,0,4,0,357,7,8,4,114,28,196,0,740.5601,2,5,0.4820675594,0.7142857143,51
3/18/2026 8:41:30,ia624567,high,yes,35.5476,11.0556,14.2692,10.5063,0,0,0,FALSE,FALSE,FALSE,FALSE,0,0,1,0,0,0,0,105,5,34,40,26,0,0,0,71.3787,0,1,1.471027071,0.1428571429,15
3/18/2026 8:42:33,ia624567,high,yes,35.5476,11.0556,14.2692,10.5063,62.8377,0,0,FALSE,TRUE,FALSE,FALSE,0,0,1,0,2,0,0,205,5,34,40,26,100,0,0,134.2164,2,3,1.527384135,0.4285714286,29.28571429
3/18/2026 8:43:23,ia624567,high,yes,35.5476,11.0556,14.2692,10.5063,62.8377,49.9173,0,FALSE,TRUE,FALSE,FALSE,0,0,1,0,2,0,0,317,5,34,40,26,100,112,0,184.1337,2,3,1.721575138,0.4285714286,45.28571429
3/18/2026 8:45:14,ma990597,moderate,yes,228.7496,0,0,0,0,0,0,FALSE,FALSE,FALSE,FALSE,0,0,0,0,0,0,0,11,11,0,0,0,0,0,0,228.7496,0,0,0.04808751578,0,1.571428571
3/18/2026 8:45:18,ma990597,moderate,yes,228.7496,4.6996,0,0,0,0,0,FALSE,FALSE,FALSE,FALSE,0,0,0,0,0,0,0,25,11,14,0,0,0,0,0,233.4492,0,0,0.1070896795,0,3.571428571
3/18/2026 8:45:23,ma990597,moderate,yes,228.7496,4.6996,4.2995,0,0,0,0,FALSE,FALSE,FALSE,FALSE,0,0,0,0,0,0,0,31,11,14,6,0,0,0,0,237.7487,0,0,0.1303897771,0,4.428571429
3/18/2026 8:45:56,ma990597,moderate,yes,228.7496,4.6996,4.2995,33.0132,0,0,0,TRUE,FALSE,FALSE,FALSE,0,0,0,1,0,0,0,127,11,14,6,96,0,0,0,270.7619,1,1,0.4690467898,0.1428571429,18.14285714
3/18/2026 8:47:43,ma990597,moderate,yes,228.7496,4.6996,4.2995,33.0132,107.1054,0,0,TRUE,TRUE,FALSE,FALSE,0,0,0,1,1,0,0,187,11,14,6,96,60,0,0,377.8673,2,2,0.4948827273,0.2857142857,26.71428571
3/18/2026 8:48:07,ma990597,moderate,yes,228.7496,4.6996,4.2995,33.0132,107.1054,24.3974,0,TRUE,TRUE,FALSE,FALSE,0,0,0,1,1,0,0,225,11,14,6,96,60,38,0,402.2647,2,2,0.5593331953,0.2857142857,32.14285714
3/18/2026 8:48:50,mb271620,moderate,no,488.8595,3.9794,3.9128,32.3513,13.2202,198.2369,441.2627,TRUE,TRUE,FALSE,TRUE,0,0,0,1,0,4,6,1651,7,8,4,114,28,196,1294,1181.8228,8,11,1.396994541,1.571428571,235.8571429
3/18/2026 8:50:32,mb271620,moderate,no,488.8595,3.9794,3.9128,32.3513,13.2202,198.2369,441.2627,TRUE,TRUE,FALSE,TRUE,0,0,0,1,0,4,6,1658,7,8,4,114,28,196,1301,1181.8228,8,11,1.402917595,1.571428571,236.8571429
3/18/2026 8:51:01,ma990597,moderate,yes,228.7496,4.6996,4.2995,33.0132,107.1054,24.3974,174.165,TRUE,TRUE,FALSE,FALSE,0,0,0,1,1,0,2,521,11,14,6,96,60,38,296,576.4297,2,4,0.9038396183,0.5714285714,74.42857143
3/18/2026 8:54:16,ia624567,high,yes,35.5476,11.0556,14.2692,10.5063,62.8377,49.9173,652.6032,FALSE,TRUE,FALSE,FALSE,0,0,1,0,2,0,4,586,5,34,40,26,100,112,269,836.7369,2,7,0.7003396169,1,83.71428571
3/18/2026 8:54:17,ia624567,high,yes,35.5476,11.0556,14.2692,10.5063,62.8377,49.9173,653.7854,FALSE,TRUE,FALSE,FALSE,0,0,1,0,2,0,4,587,5,34,40,26,100,112,270,837.9191,2,7,0.7005449571,1,83.85714286
3/18/2026 8:54:17,ia624567,high,yes,35.5476,11.0556,14.2692,10.5063,62.8377,49.9173,654.3016,FALSE,TRUE,FALSE,FALSE,0,0,1,0,2,0,4,588,5,34,40,26,100,112,271,838.4353,2,7,0.7013063501,1,84
3/18/2026 8:55:13,nb381075,low,no,89.546,0,0,0,0,0,0,FALSE,FALSE,FALSE,FALSE,0,0,0,0,0,0,0,23,23,0,0,0,0,0,0,89.546,0,0,0.2568512273,0,3.285714286
3/18/2026 8:55:21,nb381075,low,no,89.546,7.7258,0,0,0,0,0,FALSE,FALSE,FALSE,FALSE,0,0,0,0,0,0,0,43,23,20,0,0,0,0,0,97.2718,0,0,0.4420602888,0,6.142857143
3/18/2026 8:55:28,nb381075,low,no,89.546,7.7258,7.709,0,0,0,0,FALSE,FALSE,FALSE,FALSE,0,0,0,0,0,0,0,53,23,20,10,0,0,0,0,104.9808,0,0,0.504854221,0,7.571428571
3/18/2026 8:56:09,nb381075,low,no,89.546,7.7258,7.709,40.5432,0,0,0,TRUE,FALSE,FALSE,FALSE,0,0,0,2,0,0,0,199,23,20,10,146,0,0,0,145.524,1,2,1.367472032,0.2857142857,28.42857143
3/18/2026 8:56:44,nb381075,low,no,89.546,7.7258,7.709,40.5432,35.3649,0,0,TRUE,TRUE,FALSE,FALSE,0,0,0,2,1,0,0,277,23,20,10,146,78,0,0,180.8889,2,3,1.531326687,0.4285714286,39.57142857
3/18/2026 9:00:11,nb381075,low,no,89.546,7.7258,7.709,40.5432,35.3649,206.3955,0,TRUE,TRUE,FALSE,FALSE,0,0,0,2,1,7,0,577,23,20,10,146,78,300,0,387.2844,2,10,1.489861198,1.428571429,82.42857143
3/18/2026 9:03:41,nb381075,low,no,89.546,7.7258,7.709,40.5432,35.3649,206.3955,210.2083,TRUE,TRUE,FALSE,FALSE,0,0,0,2,1,7,4,1069,23,20,10,146,78,300,492,597.4927,2,14,1.789143198,2,152.7142857
3/18/2026 9:05:58,nb381075,low,no,89.546,7.7258,7.709,40.5432,35.3649,206.3955,210.2083,TRUE,TRUE,FALSE,FALSE,0,0,0,2,1,7,4,1070,23,20,10,146,78,300,493,597.4927,2,14,1.790816859,2,152.8571429
3/18/2026 10:06:05,ib352546,high,no,8.704,0,0,0,0,0,0,FALSE,FALSE,FALSE,FALSE,0,0,0,0,0,0,0,6,6,0,0,0,0,0,0,8.704,0,0,0.6893382353,0,0.8571428571
3/18/2026 10:06:13,ib352546,high,no,8.704,7.2427,0,0,0,0,0,FALSE,FALSE,FALSE,FALSE,0,0,0,0,0,0,0,29,6,23,0,0,0,0,0,15.9467,0,0,1.818558072,0,4.142857143
3/18/2026 10:06:25,ib393252,high,no,9.028,0,0,0,0,0,0,FALSE,FALSE,FALSE,FALSE,0,0,0,0,0,0,0,17,17,0,0,0,0,0,0,9.028,0,0,1.883030572,0,2.428571429
3/18/2026 10:06:29,ib352546,high,no,8.704,7.2427,16.0009,0,0,0,0,FALSE,FALSE,FALSE,FALSE,0,0,0,0,0,0,0,87,6,23,58,0,0,0,0,31.9476,0,0,2.723209255,0,12.42857143
3/18/2026 10:06:29,ib393252,high,no,9.028,4.2791,0,0,0,0,0,FALSE,FALSE,FALSE,FALSE,0,0,0,0,0,0,0,29,17,12,0,0,0,0,0,13.3071,0,0,2.179287749,0,4.142857143
3/18/2026 10:06:35,ib393252,high,no,9.028,4.2791,5.4113,0,0,0,0,FALSE,FALSE,FALSE,FALSE,0,0,0,0,0,0,0,47,17,12,18,0,0,0,0,18.7184,0,0,2.510898367,0,6.714285714
3/18/2026 10:06:57,ib352546,high,no,8.704,7.2427,16.0009,28.6049,0,0,0,FALSE,FALSE,FALSE,FALSE,0,0,0,3,0,0,0,156,6,23,58,69,0,0,0,60.5525,0,3,2.576276785,0.4285714286,22.28571429
3/18/2026 10:06:58,ib352546,high,no,8.704,7.2427,16.0009,29.3543,0,0,0,FALSE,FALSE,FALSE,FALSE,0,0,0,3,0,0,0,157,6,23,58,70,0,0,0,61.3019,0,3,2.56109517,0.4285714286,22.42857143
3/18/2026 10:06:59,ib352546,high,no,8.704,7.2427,16.0009,30.6696,0,0,0,FALSE,FALSE,FALSE,FALSE,0,0,0,3,0,0,0,158,6,23,58,71,0,0,0,62.6172,0,3,2.523268367,0.4285714286,22.57142857
3/18/2026 10:07:42,ib393252,high,no,9.028,4.2791,5.4113,67.1336,0,0,0,FALSE,FALSE,FALSE,FALSE,0,0,0,4,0,0,0,399,17,12,18,352,0,0,0,85.852,0,4,4.647532964,0.5714285714,57
3/18/2026 10:10:05,ib901731,high,no,5.1487,0,0,0,0,0,0,FALSE,FALSE,FALSE,FALSE,0,0,0,0,0,0,0,3,3,0,0,0,0,0,0,5.1487,0,0,0.5826713539,0,0.4285714286
3/18/2026 10:10:09,ib901731,high,no,5.1487,3.9128,0,0,0,0,0,FALSE,FALSE,FALSE,FALSE,0,0,0,0,0,0,0,7,3,4,0,0,0,0,0,9.0615,0,0,0.7724990344,0,1
3/18/2026 10:10:13,ib901731,high,no,5.1487,3.9128,4.4955,0,0,0,0,FALSE,FALSE,FALSE,FALSE,0,0,0,0,0,0,0,15,3,4,8,0,0,0,0,13.557,0,0,1.106439478,0,2.142857143
3/18/2026 10:10:39,ib901731,high,no,5.1487,3.9128,4.4955,26.2907,0,0,0,FALSE,FALSE,FALSE,FALSE,0,0,0,6,0,0,0,107,3,4,8,92,0,0,0,39.8477,0,6,2.68522399,0.8571428571,15.28571429
3/18/2026 10:11:59,ib901731,high,no,5.1487,3.9128,4.4955,26.2907,79.0383,0,0,FALSE,TRUE,FALSE,FALSE,0,0,0,6,5,0,0,311,3,4,8,92,204,0,0,118.886,3,11,2.615951416,1.571428571,44.42857143
3/18/2026 10:12:12,ma197422,moderate,yes,30.9156,0,0,0,0,0,0,FALSE,FALSE,FALSE,FALSE,0,0,0,0,0,0,0,5,5,0,0,0,0,0,0,30.9156,0,0,0.1617306473,0,0.7142857143
3/18/2026 10:12:18,ib394638,high,no,52.7223,0,0,0,0,0,0,FALSE,FALSE,FALSE,FALSE,0,0,0,0,0,0,0,7,7,0,0,0,0,0,0,52.7223,0,0,0.1327711424,0,1
3/18/2026 10:12:22,ma197422,moderate,yes,30.9156,9.807,0,0,0,0,0,FALSE,FALSE,FALSE,FALSE,0,0,0,0,0,0,0,39,5,34,0,0,0,0,0,40.7226,0,0,0.9576991646,0,5.571428571
3/18/2026 10:12:22,ib394638,high,no,52.7223,4.3495,0,0,0,0,0,FALSE,FALSE,FALSE,FALSE,0,0,0,0,0,0,0,15,7,8,0,0,0,0,0,57.0718,0,0,0.2628268252,0,2.142857143
3/18/2026 10:12:27,ma197422,moderate,yes,30.9156,9.807,5.0117,0,0,0,0,FALSE,FALSE,FALSE,FALSE,0,0,0,0,0,0,0,55,5,34,16,0,0,0,0,45.7343,0,0,1.202598487,0,7.857142857
3/18/2026 10:12:29,ib394638,high,no,52.7223,4.3495,6.7327,0,0,0,0,FALSE,FALSE,FALSE,FALSE,0,0,0,0,0,0,0,27,7,8,12,0,0,0,0,63.8045,0,0,0.4231676449,0,3.857142857
3/18/2026 10:12:46,ib394638,high,no,52.7223,4.3495,6.7327,16.5482,0,0,0,TRUE,FALSE,FALSE,FALSE,0,0,0,1,0,0,0,73,7,8,12,46,0,0,0,80.3527,1,1,0.9084946741,0.1428571429,10.42857143
3/18/2026 10:13:07,ib394638,high,no,52.7223,4.3495,6.7327,16.5482,21.7644,0,0,TRUE,TRUE,FALSE,FALSE,0,0,0,1,1,0,0,123,7,8,12,46,50,0,0,102.1171,2,2,1.20449954,0.2857142857,17.57142857
3/18/2026 10:13:21,ma197422,moderate,yes,30.9156,9.807,5.0117,53.6801,0,0,0,TRUE,FALSE,FALSE,FALSE,0,0,0,10,0,0,0,229,5,34,16,174,0,0,0,99.4144,1,10,2.303489233,1.428571429,32.71428571
3/18/2026 10:13:44,ma197422,moderate,yes,30.9156,9.807,5.0117,53.6801,23.0106,0,0,TRUE,TRUE,FALSE,FALSE,0,0,0,10,1,0,0,273,5,34,16,174,44,0,0,122.425,3,11,2.229936696,1.571428571,39
3/18/2026 10:14:18,ib394638,high,no,52.7223,4.3495,6.7327,16.5482,21.7644,70.6758,0,TRUE,TRUE,TRUE,FALSE,0,0,0,1,1,6,0,305,7,8,12,46,50,182,0,172.7929,3,8,1.765118821,1.142857143,43.57142857
3/18/2026 10:14:42,ma798152,moderate,yes,64.5104,0,0,0,0,0,0,FALSE,FALSE,FALSE,FALSE,0,0,0,0,0,0,0,3,3,0,0,0,0,0,0,64.5104,0,0,0.04650412957,0,0.4285714286
3/18/2026 10:14:53,ma798152,moderate,yes,64.5104,10.423,0,0,0,0,0,FALSE,FALSE,FALSE,FALSE,0,0,0,0,0,0,0,43,3,40,0,0,0,0,0,74.9334,0,0,0.5738429058,0,6.142857143
3/18/2026 10:14:57,ma798152,moderate,yes,64.5104,10.423,4.5955,0,0,0,0,FALSE,FALSE,FALSE,FALSE,0,0,0,0,0,0,0,63,3,40,20,0,0,0,0,79.5289,0,0,0.7921648608,0,9
3/18/2026 10:15:01,ma197422,moderate,yes,30.9156,9.807,5.0117,53.6801,23.0106,76.8738,0,TRUE,TRUE,FALSE,FALSE,0,0,0,10,1,1,0,490,5,34,16,174,44,217,0,199.2988,3,12,2.458619921,1.714285714,70
3/18/2026 10:15:35,ma798152,moderate,yes,64.5104,10.423,4.5955,38.0289,0,0,0,FALSE,FALSE,FALSE,FALSE,0,0,0,5,0,0,0,198,3,40,20,135,0,0,0,117.5578,0,5,1.684277862,0.7142857143,28.28571429
3/18/2026 10:17:09,ma197422,moderate,yes,30.9156,9.807,5.0117,53.6801,23.0106,76.8738,127.8732,TRUE,TRUE,FALSE,FALSE,0,0,0,10,1,1,6,863,5,34,16,174,44,217,373,327.172,3,18,2.637756287,2.571428571,123.2857143
3/18/2026 10:20:41,ib394638,high,no,52.7223,4.3495,6.7327,16.5482,21.7644,70.6758,383.2108,TRUE,TRUE,TRUE,TRUE,0,0,0,1,1,6,7,1095,7,8,12,46,50,182,790,556.0037,6,15,1.969411355,2.142857143,156.4285714
3/18/2026 10:22:30,ib394638,high,no,52.7223,4.3495,6.7327,16.5482,21.7644,70.6758,383.2108,TRUE,TRUE,TRUE,TRUE,0,0,0,1,1,6,7,1096,7,8,12,46,50,182,791,556.0037,6,15,1.971209904,2.142857143,156.5714286
3/18/2026 10:22:32,ib394638,high,no,52.7223,4.3495,6.7327,16.5482,21.7644,70.6758,383.2108,TRUE,TRUE,TRUE,TRUE,0,0,0,1,1,6,7,1097,7,8,12,46,50,182,792,556.0037,6,15,1.973008453,2.142857143,156.7142857
3/18/2026 10:22:43,ia203584,high,yes,4.2671,0,0,0,0,0,0,FALSE,FALSE,FALSE,FALSE,0,0,0,0,0,0,0,0,0,0,0,0,0,0,0,4.2671,0,0,0,0,0
3/18/2026 10:22:44,ia203584,high,yes,5.7004,0,0,0,0,0,0,FALSE,FALSE,FALSE,FALSE,0,0,0,0,0,0,0,1,1,0,0,0,0,0,0,5.7004,0,0,0.1754262859,0,0.1428571429
3/18/2026 10:22:46,ia203584,high,yes,7.3169,0,0,0,0,0,0,FALSE,FALSE,FALSE,FALSE,0,0,0,0,0,0,0,2,2,0,0,0,0,0,0,7.3169,0,0,0.2733398024,0,0.2857142857
3/18/2026 10:22:52,ia226086,high,yes,2.7644,0,0,0,0,0,0,FALSE,FALSE,FALSE,FALSE,0,0,0,0,0,0,0,0,0,0,0,0,0,0,0,2.7644,0,0,0,0,0
3/18/2026 11:06:45,ia128346,high,yes,48.972,0,0,0,0,0,0,FALSE,FALSE,FALSE,FALSE,0,0,0,0,0,0,0,7,7,0,0,0,0,0,0,48.972,0,0,0.1429388222,0,1
3/18/2026 11:06:50,ia128346,high,yes,48.972,4.9951,0,0,0,0,0,FALSE,FALSE,FALSE,FALSE,0,0,0,0,0,0,0,25,7,18,0,0,0,0,0,53.9671,0,0,0.4632451994,0,3.571428571
3/18/2026 11:06:54,ia128346,high,yes,48.972,4.9951,4.1958,0,0,0,0,FALSE,FALSE,FALSE,FALSE,0,0,0,0,0,0,0,31,7,18,6,0,0,0,0,58.1629,0,0,0.5329858037,0,4.428571429
3/18/2026 11:07:27,ia128346,high,yes,48.972,4.9951,4.1958,32.2847,0,0,0,TRUE,FALSE,FALSE,FALSE,0,0,0,4,0,0,0,121,7,18,6,90,0,0,0,90.4476,1,4,1.337791163,0.5714285714,17.28571429
3/18/2026 11:07:58,ia128346,high,yes,48.972,4.9951,4.1958,32.2847,31.8517,0,0,TRUE,TRUE,FALSE,FALSE,0,0,0,4,2,0,0,185,7,18,6,90,64,0,0,122.2993,2,6,1.512682411,0.8571428571,26.42857143
3/18/2026 11:09:16,ia128346,high,yes,48.972,4.9951,4.1958,32.2847,31.8517,77.6398,0,TRUE,TRUE,FALSE,FALSE,0,0,0,4,2,5,0,349,7,18,6,90,64,164,0,199.9391,2,11,1.745531514,1.571428571,49.85714286
3/18/2026 11:13:03,ia128346,high,yes,48.972,4.9951,4.1958,32.2847,31.8517,77.6398,226.8585,TRUE,TRUE,FALSE,FALSE,0,0,0,4,2,5,8,911,7,18,6,90,64,164,562,426.7976,2,19,2.134501225,2.714285714,130.1428571
3/18/2026 11:13:21,ia128346,high,yes,48.972,4.9951,4.1958,32.2847,31.8517,77.6398,226.8585,TRUE,TRUE,FALSE,FALSE,0,0,0,4,2,5,8,912,7,18,6,90,64,164,563,426.7976,2,19,2.136844256,2.714285714,130.2857143
3/18/2026 11:13:22,ia128346,high,yes,48.972,4.9951,4.1958,32.2847,31.8517,77.6398,226.8585,TRUE,TRUE,FALSE,FALSE,0,0,0,4,2,5,8,913,7,18,6,90,64,164,564,426.7976,2,19,2.139187287,2.714285714,130.4285714
3/18/2026 11:13:25,ia128346,high,yes,48.972,4.9951,4.1958,32.2847,31.8517,77.6398,226.8585,TRUE,TRUE,FALSE,FALSE,0,0,0,4,2,5,8,914,7,18,6,90,64,164,565,426.7976,2,19,2.141530318,2.714285714,130.5714286
3/18/2026 11:15:02,ia128346,high,yes,48.972,4.9951,4.1958,32.2847,31.8517,77.6398,226.8585,TRUE,TRUE,FALSE,FALSE,0,0,0,4,2,5,8,915,7,18,6,90,64,164,566,426.7976,2,19,2.143873349,2.714285714,130.7142857
3/18/2026 11:15:02,ia128346,high,yes,48.972,4.9951,4.1958,32.2847,31.8517,77.6398,226.8585,TRUE,TRUE,FALSE,FALSE,0,0,0,4,2,5,8,916,7,18,6,90,64,164,567,426.7976,2,19,2.14621638,2.714285714,130.8571429
3/18/2026 11:48:55,ma354317,moderate,yes,24.9515,0,0,0,0,0,0,FALSE,FALSE,FALSE,FALSE,0,0,0,0,0,0,0,5,5,0,0,0,0,0,0,24.9515,0,0,0.2003887542,0,0.7142857143
3/18/2026 11:49:04,ma354317,moderate,yes,24.9515,8.6324,0,0,0,0,0,FALSE,FALSE,FALSE,FALSE,0,0,0,0,0,0,0,35,5,30,0,0,0,0,0,33.5839,0,0,1.042166038,0,5
3/18/2026 11:49:13,ma354317,moderate,yes,24.9515,8.6324,10.2323,0,0,0,0,FALSE,FALSE,FALSE,FALSE,0,0,1,0,0,0,0,61,5,30,26,0,0,0,0,43.8162,0,1,1.392179148,0.1428571429,8.714285714
3/18/2026 11:49:34,ma354317,moderate,yes,24.9515,8.6324,10.2323,21.0645,0,0,0,FALSE,FALSE,FALSE,FALSE,0,0,1,1,0,0,0,139,5,30,26,78,0,0,0,64.8807,0,2,2.142393655,0.2857142857,19.85714286
3/18/2026 11:49:56,ma354317,moderate,yes,24.9515,8.6324,10.2323,21.0645,21.931,0,0,FALSE,TRUE,FALSE,FALSE,0,0,1,1,0,0,0,193,5,30,26,78,54,0,0,86.8117,1,2,2.223202633,0.2857142857,27.57142857
3/18/2026 11:50:16,ma354317,moderate,yes,24.9515,8.6324,10.2323,21.0645,21.931,19.3146,0,FALSE,TRUE,FALSE,FALSE,0,0,1,1,0,0,0,231,5,30,26,78,54,38,0,106.1263,1,2,2.176651782,0.2857142857,33
3/18/2026 18:28:25,ib035741,high,no,1951.282,0,0,0,0,0,0,FALSE,FALSE,FALSE,FALSE,0,0,0,0,0,0,0,0,0,0,0,0,0,0,0,1951.282,0,0,0,0,0
3/18/2026 18:28:30,ma185724,moderate,yes,1.865,0,0,0,0,0,0,FALSE,FALSE,FALSE,FALSE,0,0,0,0,0,0,0,0,0,0,0,0,0,0,0,1.865,0,0,0,0,0
3/18/2026 18:28:54,ma415897,moderate,yes,2.207,0,0,0,0,0,0,FALSE,FALSE,FALSE,FALSE,0,0,0,0,0,0,0,0,0,0,0,0,0,0,0,2.207,0,0,0,0,0
3/18/2026 18:28:58,ma415897,moderate,yes,6.057,0,0,0,0,0,0,FALSE,FALSE,FALSE,FALSE,0,0,0,0,0,0,0,1,1,0,0,0,0,0,0,6.057,0,0,0.1650982334,0,0.1428571429
3/18/2026 18:29:04,ma415897,moderate,yes,12.641,0,0,0,0,0,0,FALSE,FALSE,FALSE,FALSE,0,0,0,0,0,0,0,9,9,0,0,0,0,0,0,12.641,0,0,0.7119689898,0,1.285714286
3/18/2026 18:29:18,ma415897,moderate,yes,12.641,13.916,0,0,0,0,0,FALSE,FALSE,FALSE,FALSE,0,0,0,0,0,0,0,33,9,24,0,0,0,0,0,26.557,0,0,1.242610235,0,4.714285714
3/18/2026 18:29:23,ma415897,moderate,yes,12.641,13.916,4.417,0,0,0,0,FALSE,FALSE,FALSE,FALSE,0,0,0,0,0,0,0,43,9,24,10,0,0,0,0,30.974,0,0,1.388261122,0,6.142857143
3/18/2026 18:29:47,ma415897,moderate,yes,12.641,13.916,4.417,24.75,0,0,0,FALSE,FALSE,FALSE,FALSE,0,0,0,0,0,0,0,127,9,24,10,84,0,0,0,55.724,0,0,2.2790898,0,18.14285714
3/18/2026 18:30:18,ma415897,moderate,yes,12.641,13.916,4.417,24.75,30.733,0,0,FALSE,TRUE,FALSE,FALSE,0,0,0,0,2,0,0,173,9,24,10,84,46,0,0,86.457,2,2,2.000994714,0.2857142857,24.71428571
3/18/2026 19:06:50,mb770737,moderate,no,54.6813,0,0,0,0,0,0,FALSE,FALSE,FALSE,FALSE,0,0,0,0,0,0,0,4,4,0,0,0,0,0,0,54.6813,0,0,0.07315115039,0,0.5714285714
3/18/2026 19:07:01,mb770737,moderate,no,54.6813,10.95,0,0,0,0,0,FALSE,FALSE,FALSE,FALSE,0,0,0,0,0,0,0,47,4,43,0,0,0,0,0,65.6313,0,0,0.7161217285,0,6.714285714
3/18/2026 19:07:15,mb770737,moderate,no,54.6813,10.95,13.6335,0,0,0,0,FALSE,FALSE,FALSE,FALSE,0,0,3,0,0,0,0,85,4,43,38,0,0,0,0,79.2648,0,3,1.072354942,0.4285714286,12.14285714
3/18/2026 19:08:44,mb770737,moderate,no,54.6813,10.95,13.6335,88.6478,0,0,0,FALSE,FALSE,FALSE,FALSE,0,0,3,20,0,0,0,428,4,43,38,343,0,0,0,167.9126,0,23,2.548945106,3.285714286,61.14285714
3/18/2026 19:08:46,mb770737,moderate,no,54.6813,10.95,13.6335,90.965,0,0,0,FALSE,FALSE,FALSE,FALSE,0,0,3,21,0,0,0,434,4,43,38,349,0,0,0,170.2298,0,24,2.549494859,3.428571429,62
3/18/2026 19:08:46,mb770737,moderate,no,54.6813,10.95,13.6335,91.4638,0,0,0,FALSE,FALSE,FALSE,FALSE,0,0,3,21,0,0,0,436,4,43,38,351,0,0,0,170.7286,0,24,2.553760764,3.428571429,62.28571429
3/18/2026 19:08:46,mb770737,moderate,no,54.6813,10.95,13.6335,90.5807,0,0,0,FALSE,FALSE,FALSE,FALSE,0,0,3,21,0,0,0,433,4,43,38,348,0,0,0,169.8455,0,24,2.549375756,3.428571429,61.85714286
3/18/2026 19:09:24,mb770737,moderate,no,54.6813,10.95,13.6335,128.9966,0,0,0,FALSE,FALSE,FALSE,FALSE,0,0,3,29,0,0,0,575,4,43,38,490,0,0,0,208.2614,0,32,2.760953302,4.571428571,82.14285714
3/18/2026 19:09:43,mb770737,moderate,no,54.6813,10.95,13.6335,128.9966,19.6661,0,0,FALSE,TRUE,FALSE,FALSE,0,0,3,29,1,0,0,623,4,43,38,490,48,0,0,227.9275,1,33,2.73332529,4.714285714,89
3/18/2026 19:10:22,mb770737,moderate,no,54.6813,10.95,13.6335,128.9966,19.6661,38.7167,0,FALSE,TRUE,FALSE,FALSE,0,0,3,29,1,0,0,741,4,43,38,490,48,118,0,266.6442,1,33,2.778984129,4.714285714,105.8571429
3/18/2026 19:12:36,mb770737,moderate,no,54.6813,10.95,13.6335,128.9966,19.6661,38.7167,134.0798,FALSE,TRUE,FALSE,FALSE,0,0,3,29,1,0,4,1159,4,43,38,490,48,118,418,400.724,1,37,2.892265,5.285714286,165.5714286
3/18/2026 19:12:40,mb770737,moderate,no,54.6813,10.95,13.6335,128.9966,19.6661,38.7167,134.0798,FALSE,TRUE,FALSE,FALSE,0,0,3,29,1,0,4,1160,4,43,38,490,48,118,419,400.724,1,37,2.894760484,5.285714286,165.7142857
3/18/2026 19:13:06,mb770737,moderate,no,54.6813,10.95,13.6335,128.9966,19.6661,38.7167,134.0798,FALSE,TRUE,FALSE,FALSE,0,0,3,29,1,0,4,1161,4,43,38,490,48,118,420,400.724,1,37,2.897255967,5.285714286,165.8571429
3/18/2026 19:13:08,mb770737,moderate,no,54.6813,10.95,13.6335,128.9966,19.6661,38.7167,134.0798,FALSE,TRUE,FALSE,FALSE,0,0,3,29,1,0,4,1162,4,43,38,490,48,118,421,400.724,1,37,2.89975145,5.285714286,166
3/19/2026 7:16:55,mb466985,moderate,no,16.111,0,0,0,0,0,0,FALSE,FALSE,FALSE,FALSE,0,0,0,0,0,0,0,0,0,0,0,0,0,0,0,16.111,0,0,0,0,0
3/19/2026 7:17:00,mb466985,moderate,no,20.761,0,0,0,0,0,0,FALSE,FALSE,FALSE,FALSE,0,0,0,0,0,0,0,4,4,0,0,0,0,0,0,20.761,0,0,0.1926689466,0,0.5714285714
3/19/2026 7:17:25,mb466985,moderate,no,20.761,25.333,0,0,0,0,0,FALSE,FALSE,FALSE,FALSE,0,0,0,0,0,0,0,14,4,10,0,0,0,0,0,46.094,0,0,0.3037271662,0,2
3/19/2026 7:17:30,mb466985,moderate,no,20.761,25.333,4.65,0,0,0,0,FALSE,FALSE,FALSE,FALSE,0,0,0,0,0,0,0,24,4,10,10,0,0,0,0,50.744,0,0,0.4729623207,0,3.428571429
3/19/2026 7:17:52,mb466985,moderate,no,20.761,25.333,4.65,22.367,0,0,0,FALSE,FALSE,FALSE,FALSE,0,0,0,3,0,0,0,98,4,10,10,74,0,0,0,73.111,0,3,1.340427569,0.4285714286,14
3/19/2026 7:18:05,mb466985,moderate,no,20.761,25.333,4.65,22.367,13.267,0,0,FALSE,TRUE,FALSE,FALSE,0,0,0,3,0,0,0,116,4,10,10,74,18,0,0,86.378,1,3,1.342934544,0.4285714286,16.57142857
3/19/2026 7:18:26,mb466985,moderate,no,20.761,25.333,4.65,22.367,13.267,20.65,0,FALSE,TRUE,FALSE,FALSE,0,0,0,3,0,0,0,174,4,10,10,74,18,58,0,107.028,1,3,1.625742796,0.4285714286,24.85714286
3/19/2026 8:37:46,nb411200,low,no,6.3751,0,0,0,0,0,0,FALSE,FALSE,FALSE,FALSE,0,0,0,0,0,0,0,0,0,0,0,0,0,0,0,6.3751,0,0,0,0,0
3/19/2026 8:42:34,mb381202,moderate,no,0,0,0,0,0,0,0,FALSE,FALSE,FALSE,FALSE,0,0,0,0,0,0,0,0,0,0,0,0,0,0,0,0,0,0,NaN,0,0
3/19/2026 9:40:09,ib568661,high,no,6.3976,0,0,0,0,0,0,FALSE,FALSE,FALSE,FALSE,0,0,0,0,0,0,0,4,4,0,0,0,0,0,0,6.3976,0,0,0.6252344629,0,0.5714285714
3/19/2026 9:40:17,ib568661,high,no,6.3976,7.859,0,0,0,0,0,FALSE,FALSE,FALSE,FALSE,0,0,0,0,0,0,0,13,4,9,0,0,0,0,0,14.2566,0,0,0.9118583674,0,1.857142857
3/19/2026 9:40:21,ib568661,high,no,6.3976,7.859,4.1957,0,0,0,0,FALSE,FALSE,FALSE,FALSE,0,0,0,0,0,0,0,21,4,9,8,0,0,0,0,18.4523,0,0,1.138069509,0,3
3/19/2026 9:40:59,ib568661,high,no,6.3976,7.859,4.1957,37.7044,0,0,0,TRUE,FALSE,FALSE,FALSE,0,0,0,2,0,0,0,99,4,9,8,78,0,0,0,56.1567,1,2,1.762924103,0.2857142857,14.14285714
3/19/2026 9:41:26,ib568661,high,no,6.3976,7.859,4.1957,37.7044,26.998,0,0,TRUE,TRUE,FALSE,FALSE,0,0,0,2,0,0,0,137,4,9,8,78,38,0,0,83.1547,2,2,1.647531649,0.2857142857,19.57142857
3/19/2026 9:43:06,ib568661,high,no,6.3976,7.859,4.1957,37.7044,26.998,100.2339,0,TRUE,TRUE,TRUE,FALSE,0,0,0,2,0,8,0,375,4,9,8,78,38,238,0,183.3886,3,10,2.04483812,1.428571429,53.57142857
3/19/2026 9:44:23,ib568661,high,no,6.3976,7.859,4.1957,37.7044,26.998,100.2339,77.0153,TRUE,TRUE,TRUE,FALSE,0,0,0,2,0,8,0,571,4,9,8,78,38,238,196,260.4039,3,10,2.192747497,1.428571429,81.57142857
3/19/2026 11:41:01,ma968419,moderate,yes,5.4343,0,0,0,0,0,0,FALSE,FALSE,FALSE,FALSE,0,0,0,0,0,0,0,1,1,0,0,0,0,0,0,5.4343,0,0,0.1840163407,0,0.1428571429
3/19/2026 11:41:05,ma968419,moderate,yes,5.4343,3.9129,0,0,0,0,0,FALSE,FALSE,FALSE,FALSE,0,0,0,0,0,0,0,7,1,6,0,0,0,0,0,9.3472,0,0,0.7488873673,0,1
3/19/2026 11:41:09,ma968419,moderate,yes,5.4343,3.9129,3.9627,0,0,0,0,FALSE,FALSE,FALSE,FALSE,0,0,0,0,0,0,0,15,1,6,8,0,0,0,0,13.3099,0,0,1.126980669,0,2.142857143
3/19/2026 11:41:27,ma968419,moderate,yes,5.4343,3.9129,3.9627,18.6815,0,0,0,TRUE,FALSE,FALSE,FALSE,0,0,0,0,0,0,0,59,1,6,8,44,0,0,0,31.9914,1,0,1.844245641,0,8.428571429
3/19/2026 11:42:27,ia459625,high,yes,4.7146,0,0,0,0,0,0,FALSE,FALSE,FALSE,FALSE,0,0,0,0,0,0,0,1,1,0,0,0,0,0,0,4.7146,0,0,0.2121070716,0,0.1428571429
3/19/2026 11:42:31,ia459625,high,yes,4.7146,4.379,0,0,0,0,0,FALSE,FALSE,FALSE,FALSE,0,0,0,0,0,0,0,9,1,8,0,0,0,0,0,9.0936,0,0,0.9897070467,0,1.285714286
3/19/2026 11:42:36,ia459625,high,yes,4.7146,4.379,3.9128,0,0,0,0,FALSE,FALSE,FALSE,FALSE,0,0,0,0,0,0,0,15,1,8,6,0,0,0,0,13.0064,0,0,1.153278386,0,2.142857143
3/19/2026 11:43:25,ia459625,high,yes,4.7146,4.379,3.9128,50.1503,0,0,0,TRUE,FALSE,FALSE,FALSE,0,0,0,2,0,0,0,61,1,8,6,46,0,0,0,63.1567,1,2,0.965851604,0.2857142857,8.714285714
3/19/2026 11:43:37,ia459625,high,yes,4.7146,4.379,3.9128,50.1503,12.1047,0,0,TRUE,TRUE,FALSE,FALSE,0,0,0,2,0,0,0,83,1,8,6,46,22,0,0,75.2614,2,2,1.102822961,0.2857142857,11.85714286
3/19/2026 11:43:58,ia459625,high,yes,4.7146,4.379,3.9128,50.1503,12.1047,20.9959,0,TRUE,TRUE,TRUE,FALSE,0,0,0,2,0,1,0,132,1,8,6,46,22,49,0,96.2573,3,3,1.371324564,0.4285714286,18.85714286
3/20/2026 8:36:16,nb553662,low,no,29.7869,0,0,0,0,0,0,FALSE,FALSE,FALSE,FALSE,0,0,0,0,0,0,0,16,16,0,0,0,0,0,0,29.7869,0,0,0.5371488809,0,2.285714286
3/20/2026 8:36:26,nb553662,low,no,29.7869,10.2655,0,0,0,0,0,FALSE,FALSE,FALSE,FALSE,0,0,0,0,0,0,0,39,16,23,0,0,0,0,0,40.0524,0,0,0.973724421,0,5.571428571
3/20/2026 8:36:30,nb553662,low,no,29.7869,10.2655,4.2163,0,0,0,0,FALSE,FALSE,FALSE,FALSE,0,0,0,0,0,0,0,45,16,23,6,0,0,0,0,44.2687,0,0,1.016519573,0,6.428571429
3/20/2026 8:36:50,nb553662,low,no,29.7869,10.2655,4.2163,19.4146,0,0,0,FALSE,FALSE,FALSE,FALSE,0,0,0,0,0,0,0,111,16,23,6,66,0,0,0,63.6833,0,0,1.743000127,0,15.85714286
3/20/2026 8:37:03,nb553662,low,no,29.7869,10.2655,4.2163,19.4146,13.6485,0,0,FALSE,TRUE,FALSE,FALSE,0,0,0,0,0,0,0,131,16,23,6,66,20,0,0,77.3318,1,0,1.693999105,0,18.71428571
3/20/2026 8:37:34,nb553662,low,no,29.7869,10.2655,4.2163,19.4146,13.6485,30.4135,0,FALSE,TRUE,FALSE,FALSE,0,0,0,0,0,1,0,209,16,23,6,66,20,78,0,107.7453,1,1,1.939759785,0.1428571429,29.85714286
3/20/2026 8:39:20,nb275217,low,no,39.4431,0,0,0,0,0,0,FALSE,FALSE,FALSE,FALSE,0,0,0,0,0,0,0,7,7,0,0,0,0,0,0,39.4431,0,0,0.1774708377,0,1
3/20/2026 8:39:25,ia430883,high,yes,38.1373,0,0,0,0,0,0,FALSE,FALSE,FALSE,FALSE,0,0,0,0,0,0,0,6,6,0,0,0,0,0,0,38.1373,0,0,0.1573262921,0,0.8571428571
3/20/2026 8:39:31,nb275217,low,no,39.4431,11.1823,0,0,0,0,0,FALSE,FALSE,FALSE,FALSE,0,0,0,0,0,0,0,38,7,31,0,0,0,0,0,50.6254,0,0,0.7506113532,0,5.428571429
3/20/2026 8:39:37,nb275217,low,no,39.4431,11.1823,5.5494,0,0,0,0,FALSE,FALSE,FALSE,FALSE,0,0,0,0,0,0,0,50,7,31,12,0,0,0,0,56.1748,0,0,0.8900788254,0,7.142857143
3/20/2026 8:39:55,ia430883,high,yes,38.1373,29.6969,0,0,0,0,0,FALSE,FALSE,FALSE,FALSE,0,0,0,0,0,0,0,99,6,93,0,0,0,0,0,67.8342,0,0,1.459440813,0,14.14285714
3/20/2026 8:40:02,ia430883,high,yes,38.1373,29.6969,7.4659,0,0,0,0,FALSE,FALSE,FALSE,FALSE,0,0,0,0,0,0,0,113,6,93,14,0,0,0,0,75.3001,0,0,1.500662018,0,16.14285714
3/20/2026 8:40:18,nb275217,low,no,39.4431,11.1823,5.5494,41.5957,0,0,0,FALSE,FALSE,FALSE,FALSE,0,0,0,5,0,0,0,181,7,31,12,131,0,0,0,97.7705,0,5,1.851274157,0.7142857143,25.85714286
3/20/2026 8:40:27,ia430883,high,yes,38.1373,29.6969,7.4659,24.964,0,0,0,FALSE,FALSE,FALSE,FALSE,0,0,0,3,0,0,0,177,6,93,14,64,0,0,0,100.2641,0,3,1.765337743,0.4285714286,25.28571429
3/20/2026 8:40:43,nb275217,low,no,39.4431,11.1823,5.5494,41.5957,24.7972,0,0,FALSE,TRUE,FALSE,FALSE,0,0,0,5,2,0,0,229,7,31,12,131,48,0,0,122.5677,1,7,1.868355203,1,32.71428571
3/20/2026 8:40:51,ia430883,high,yes,38.1373,29.6969,7.4659,24.964,23.9308,0,0,FALSE,TRUE,FALSE,FALSE,0,0,0,3,1,0,0,217,6,93,14,64,40,0,0,124.1949,2,4,1.747253712,0.5714285714,31
3/20/2026 8:41:31,ia430883,high,yes,38.1373,29.6969,7.4659,24.964,23.9308,38.8959,0,FALSE,TRUE,FALSE,FALSE,0,0,0,3,1,0,0,388,6,93,14,64,40,171,0,163.0908,2,4,2.37904284,0.5714285714,55.42857143
3/20/2026 8:41:32,ia430883,high,yes,38.1373,29.6969,7.4659,24.964,23.9308,39.9125,0,FALSE,TRUE,FALSE,FALSE,0,0,0,3,1,0,0,389,6,93,14,64,40,172,0,164.1074,2,4,2.370398897,0.5714285714,55.57142857
3/20/2026 8:41:32,ia430883,high,yes,38.1373,29.6969,7.4659,24.964,23.9308,40.6124,0,FALSE,TRUE,FALSE,FALSE,0,0,0,3,1,0,0,391,6,93,14,64,40,174,0,164.8073,2,4,2.372467724,0.5714285714,55.85714286
3/20/2026 8:41:32,ia430883,high,yes,38.1373,29.6969,7.4659,24.964,23.9308,40.3957,0,FALSE,TRUE,FALSE,FALSE,0,0,0,3,1,0,0,390,6,93,14,64,40,173,0,164.5906,2,4,2.369515635,0.5714285714,55.71428571
3/20/2026 8:41:32,ia430883,high,yes,38.1373,29.6969,7.4659,24.964,23.9308,40.7624,0,FALSE,TRUE,FALSE,FALSE,0,0,0,3,1,0,0,392,6,93,14,64,40,175,0,164.9573,2,4,2.376372552,0.5714285714,56
3/20/2026 8:41:32,ia430883,high,yes,38.1373,29.6969,7.4659,24.964,23.9308,40.8957,0,FALSE,TRUE,FALSE,FALSE,0,0,0,3,1,0,0,393,6,93,14,64,40,176,0,165.0906,2,4,2.380511065,0.5714285714,56.14285714
3/20/2026 8:41:34,ia430883,high,yes,38.1373,29.6969,7.4659,24.964,23.9308,42.1955,0,FALSE,TRUE,FALSE,FALSE,0,0,0,3,1,0,0,394,6,93,14,64,40,177,0,166.3904,2,4,2.367925073,0.5714285714,56.28571429
3/20/2026 8:41:34,ia430883,high,yes,38.1373,29.6969,7.4659,24.964,23.9308,42.3622,0,FALSE,TRUE,FALSE,FALSE,0,0,0,3,1,0,0,395,6,93,14,64,40,178,0,166.5571,2,4,2.371559063,0.5714285714,56.42857143
3/20/2026 8:41:36,nb275217,low,no,39.4431,11.1823,5.5494,41.5957,24.7972,52.8779,0,FALSE,TRUE,FALSE,FALSE,0,0,0,5,2,0,0,392,7,31,12,131,48,163,0,175.4456,1,7,2.234310806,1,56
3/20/2026 8:41:39,nb275217,low,no,39.4431,11.1823,5.5494,41.5957,24.7972,56.0443,0,FALSE,TRUE,FALSE,FALSE,0,0,0,5,2,0,0,392,7,31,12,131,48,163,0,178.612,1,7,2.194701364,1,56
3/20/2026 8:41:51,ia275923,high,yes,36.0886,0,0,0,0,0,0,FALSE,FALSE,FALSE,FALSE,0,0,0,0,0,0,0,1,1,0,0,0,0,0,0,36.0886,0,0,0.02770958142,0,0.1428571429
3/20/2026 8:41:57,ia430883,high,yes,38.1373,29.6969,7.4659,24.964,23.9308,66.0765,0,FALSE,TRUE,FALSE,FALSE,0,0,0,3,1,0,0,410,6,93,14,64,40,193,0,190.2714,2,4,2.154816751,0.5714285714,58.57142857
3/20/2026 8:42:00,nb275217,low,no,39.4431,11.1823,5.5494,41.5957,24.7972,76.3254,0,FALSE,TRUE,FALSE,FALSE,0,0,0,5,2,0,0,470,7,31,12,131,48,241,0,198.8931,1,7,2.363078458,1,67.14285714
3/20/2026 8:42:00,nb275217,low,no,39.4431,11.1823,5.5494,41.5957,24.7972,77.2586,0,FALSE,TRUE,FALSE,FALSE,0,0,0,5,2,0,0,482,7,31,12,131,48,253,0,199.8263,1,7,2.412094904,1,68.85714286
3/20/2026 8:42:00,nb275217,low,no,39.4431,11.1823,5.5494,41.5957,24.7972,76.9587,0,FALSE,TRUE,FALSE,FALSE,0,0,0,5,2,0,0,476,7,31,12,131,48,247,0,199.5264,1,7,2.385649217,1,68
3/20/2026 8:42:03,ia430883,high,yes,38.1373,29.6969,7.4659,24.964,23.9308,70.626,0,FALSE,TRUE,FALSE,FALSE,0,0,0,3,1,0,0,411,6,93,14,64,40,194,0,194.8209,2,4,2.109629922,0.5714285714,58.71428571
3/20/2026 8:42:08,ia275923,high,yes,36.0886,16.3838,0,0,0,0,0,FALSE,FALSE,FALSE,FALSE,0,0,0,0,0,0,0,53,1,52,0,0,0,0,0,52.4724,0,0,1.01005481,0,7.571428571
3/20/2026 8:42:12,ib539319,high,no,9.7747,0,0,0,0,0,0,FALSE,FALSE,FALSE,FALSE,0,0,0,0,0,0,0,4,4,0,0,0,0,0,0,9.7747,0,0,0.4092197203,0,0.5714285714
3/20/2026 8:42:16,ib539319,high,no,9.7747,3.9163,0,0,0,0,0,FALSE,FALSE,FALSE,FALSE,0,0,0,0,0,0,0,12,4,8,0,0,0,0,0,13.691,0,0,0.8764882039,0,1.714285714
3/20/2026 8:42:19,ia275923,high,yes,36.0886,16.3838,10.9558,0,0,0,0,FALSE,FALSE,FALSE,FALSE,0,0,0,0,0,0,0,95,1,52,42,0,0,0,0,63.4282,0,0,1.497756518,0,13.57142857
3/20/2026 8:42:21,ib539319,high,no,9.7747,3.9163,5.0996,0,0,0,0,FALSE,FALSE,FALSE,FALSE,0,0,0,0,0,0,0,23,4,8,11,0,0,0,0,18.7906,0,0,1.224016263,0,3.285714286
3/20/2026 8:42:26,nb275217,low,no,39.4431,11.1823,5.5494,41.5957,24.7972,103.1393,0,FALSE,TRUE,FALSE,FALSE,0,0,0,5,2,1,0,550,7,31,12,131,48,321,0,225.707,1,8,2.436787517,1.142857143,78.57142857
3/20/2026 8:42:42,ib539319,high,no,9.7747,3.9163,5.0996,21.0477,0,0,0,FALSE,FALSE,FALSE,FALSE,0,0,0,2,0,0,0,111,4,8,11,88,0,0,0,39.8383,0,2,2.78626347,0.2857142857,15.85714286
3/20/2026 8:42:54,ib539319,high,no,9.7747,3.9163,5.0996,21.0477,11.7821,0,0,FALSE,TRUE,FALSE,FALSE,0,0,0,2,0,0,0,127,4,8,11,88,16,0,0,51.6204,1,2,2.460267646,0.2857142857,18.14285714
3/20/2026 8:43:03,ia275923,high,yes,36.0886,16.3838,10.9558,43.9897,0,0,0,TRUE,FALSE,FALSE,FALSE,0,0,0,3,0,0,0,225,1,52,42,130,0,0,0,107.4179,1,3,2.094622963,0.4285714286,32.14285714
3/20/2026 8:43:36,ia275923,high,yes,36.0886,16.3838,10.9558,43.9897,32.9507,0,0,TRUE,TRUE,FALSE,FALSE,0,0,0,3,2,0,0,287,1,52,42,130,62,0,0,140.3686,3,5,2.044616816,0.7142857143,41
3/20/2026 8:43:49,ia275923,high,yes,36.0886,16.3838,10.9558,43.9897,32.9507,13.9028,0,TRUE,TRUE,FALSE,FALSE,0,0,0,3,2,0,0,328,1,52,42,130,62,41,0,154.2714,3,5,2.126123183,0.7142857143,46.85714286
3/20/2026 8:46:31,nb154508,low,no,12.661,0,0,0,0,0,0,FALSE,FALSE,FALSE,FALSE,0,0,0,0,0,0,0,1,1,0,0,0,0,0,0,12.661,0,0,0.07898270279,0,0.1428571429
3/20/2026 8:46:36,nb154508,low,no,12.661,5.6829,0,0,0,0,0,FALSE,FALSE,FALSE,FALSE,0,0,0,0,0,0,0,17,1,16,0,0,0,0,0,18.3439,0,0,0.9267385888,0,2.428571429
3/20/2026 8:46:42,nb154508,low,no,12.661,5.6829,5.6827,0,0,0,0,FALSE,FALSE,FALSE,FALSE,0,0,0,0,0,0,0,25,1,16,8,0,0,0,0,24.0266,0,0,1.040513431,0,3.571428571
3/20/2026 8:47:53,nb154508,low,no,12.661,5.6829,5.6827,70.426,0,0,0,TRUE,FALSE,FALSE,FALSE,0,0,0,5,0,0,0,173,1,16,8,148,0,0,0,94.4526,2,5,1.831606541,0.7142857143,24.71428571
3/20/2026 8:48:48,nb154508,low,no,12.661,5.6829,5.6827,70.426,54.9609,0,0,TRUE,TRUE,FALSE,FALSE,0,0,0,5,1,0,0,255,1,16,8,148,82,0,0,149.4135,3,6,1.706673092,0.8571428571,36.42857143
3/20/2026 8:49:46,ma432605,moderate,yes,30.011,0,0,0,0,0,0,FALSE,FALSE,FALSE,FALSE,0,0,0,0,0,0,0,0,0,0,0,0,0,0,0,30.011,0,0,0,0,0
3/20/2026 8:49:52,ib539319,high,no,9.7747,3.9163,5.0996,21.0477,11.7821,418.2523,0,FALSE,TRUE,FALSE,FALSE,0,0,0,2,0,0,0,179,4,8,11,88,16,52,0,469.8727,1,2,0.3809542457,0.2857142857,25.57142857
3/20/2026 8:49:57,ib440252,high,no,5.2054,0,0,0,0,0,0,FALSE,FALSE,FALSE,FALSE,0,0,0,0,0,0,0,3,3,0,0,0,0,0,0,5.2054,0,0,0.576324586,0,0.4285714286
3/20/2026 8:50:02,ib440252,high,no,5.2054,3.9162,0,0,0,0,0,FALSE,FALSE,FALSE,FALSE,0,0,0,0,0,0,0,8,3,5,0,0,0,0,0,9.1216,0,0,0.8770391159,0,1.142857143
3/20/2026 8:50:07,ib440252,high,no,5.2054,3.9162,5.4494,0,0,0,0,FALSE,FALSE,FALSE,FALSE,0,0,0,0,0,0,0,20,3,5,12,0,0,0,0,14.571,0,0,1.37258939,0,2.857142857
3/20/2026 8:50:10,ma432605,moderate,yes,53.5792,0,0,0,0,0,0,FALSE,FALSE,FALSE,FALSE,0,0,0,0,0,0,0,18,18,0,0,0,0,0,0,53.5792,0,0,0.3359512647,0,2.571428571
3/20/2026 8:50:24,ma432605,moderate,yes,53.5792,14.4856,0,0,0,0,0,FALSE,FALSE,FALSE,FALSE,0,0,0,0,0,0,0,50,18,32,0,0,0,0,0,68.0648,0,0,0.7345940927,0,7.142857143
3/20/2026 8:50:26,ib440252,high,no,5.2054,3.9162,5.4494,19.1647,0,0,0,FALSE,FALSE,FALSE,FALSE,0,0,0,3,0,0,0,75,3,5,12,55,0,0,0,33.7357,0,3,2.223164185,0.4285714286,10.71428571
3/20/2026 8:50:32,ma432605,moderate,yes,53.5792,14.4856,8.2086,0,0,0,0,FALSE,FALSE,FALSE,FALSE,0,0,0,0,0,0,0,68,18,32,18,0,0,0,0,76.2734,0,0,0.8915296814,0,9.714285714
3/20/2026 8:50:45,ma432605,moderate,yes,53.5792,14.4856,8.2086,12.1879,0,0,0,FALSE,FALSE,FALSE,FALSE,0,0,0,2,0,0,0,116,18,32,18,48,0,0,0,88.4613,0,2,1.311307883,0.2857142857,16.57142857
3/20/2026 8:50:50,ib440252,high,no,5.2054,3.9162,5.4494,19.1647,24.1808,0,0,FALSE,TRUE,FALSE,FALSE,0,0,0,3,1,0,0,117,3,5,12,55,42,0,0,57.9165,2,4,2.020149698,0.5714285714,16.71428571
3/20/2026 8:51:22,ma432605,moderate,yes,53.5792,14.4856,8.2086,12.1879,37.6127,0,0,FALSE,TRUE,FALSE,FALSE,0,0,0,2,2,0,0,180,18,32,18,48,64,0,0,126.074,3,4,1.427732919,0.5714285714,25.71428571
3/20/2026 8:51:27,nb154508,low,no,12.661,5.6829,5.6827,70.426,54.9609,159.0664,0,TRUE,TRUE,FALSE,FALSE,0,0,0,5,1,5,0,578,1,16,8,148,82,323,0,308.4799,3,11,1.873703927,1.571428571,82.57142857
3/20/2026 8:52:03,ma432605,moderate,yes,53.5792,14.4856,8.2086,12.1879,37.6127,40.4932,0,FALSE,TRUE,FALSE,FALSE,0,0,0,2,2,0,0,310,18,32,18,48,64,130,0,166.5672,3,4,1.861110711,0.5714285714,44.28571429
3/20/2026 8:54:08,nb154508,low,no,12.661,5.6829,5.6827,70.426,54.9609,159.0664,161.3497,TRUE,TRUE,FALSE,FALSE,0,0,0,5,1,5,2,938,1,16,8,148,82,323,360,469.8296,3,13,1.996468507,1.857142857,134
3/20/2026 8:54:10,nb154508,low,no,12.661,5.6829,5.6827,70.426,54.9609,159.0664,163.4495,TRUE,TRUE,FALSE,FALSE,0,0,0,5,1,5,2,939,1,16,8,148,82,323,361,471.9294,3,13,1.989704392,1.857142857,134.1428571
3/20/2026 8:54:13,nb154508,low,no,12.661,5.6829,5.6827,70.426,54.9609,159.0664,165.8159,TRUE,TRUE,FALSE,FALSE,0,0,0,5,1,5,2,940,1,16,8,148,82,323,362,474.2958,3,13,1.981885566,1.857142857,134.2857143
3/20/2026 8:54:14,nb154508,low,no,12.661,5.6829,5.6827,70.426,54.9609,159.0664,166.8158,TRUE,TRUE,FALSE,FALSE,0,0,0,5,1,5,2,941,1,16,8,148,82,323,363,475.2957,3,13,1.979820141,1.857142857,134.4285714
3/20/2026 8:54:51,ma125009,moderate,yes,7.8825,0,0,0,0,0,0,FALSE,FALSE,FALSE,FALSE,0,0,0,0,0,0,0,0,0,0,0,0,0,0,0,7.8825,0,0,0,0,0
3/20/2026 8:55:48,mb910197,moderate,no,24.6668,0,0,0,0,0,0,FALSE,FALSE,FALSE,FALSE,0,0,0,0,0,0,0,3,3,0,0,0,0,0,0,24.6668,0,0,0.1216209642,0,0.4285714286
3/20/2026 8:55:53,mb910197,moderate,no,24.6668,4.0496,0,0,0,0,0,FALSE,FALSE,FALSE,FALSE,0,0,0,0,0,0,0,13,3,10,0,0,0,0,0,28.7164,0,0,0.4527029851,0,1.857142857
3/20/2026 8:55:57,mb910197,moderate,no,24.6668,4.0496,4.0662,0,0,0,0,FALSE,FALSE,FALSE,FALSE,0,0,0,0,0,0,0,19,3,10,6,0,0,0,0,32.7826,0,0,0.5795757506,0,2.714285714
3/20/2026 8:56:23,mb910197,moderate,no,24.6668,4.0496,4.0662,26.6305,0,0,0,TRUE,FALSE,FALSE,FALSE,0,0,0,3,0,0,0,111,3,10,6,92,0,0,0,59.4131,1,3,1.868274842,0.4285714286,15.85714286
3/20/2026 8:56:53,mb910197,moderate,no,24.6668,4.0496,4.0662,26.6305,29.9301,0,0,TRUE,TRUE,FALSE,FALSE,0,0,0,3,0,0,0,181,3,10,6,92,70,0,0,89.3432,2,3,2.025895647,0.4285714286,25.85714286
3/20/2026 8:59:22,mb910197,moderate,no,24.6668,4.0496,4.0662,26.6305,29.9301,148.4344,0,TRUE,TRUE,FALSE,FALSE,0,0,0,3,0,11,0,467,3,10,6,92,70,286,0,237.7776,2,14,1.96402016,2,66.71428571
3/20/2026 9:00:27,mb910197,moderate,no,24.6668,4.0496,4.0662,26.6305,29.9301,148.4344,65.7265,TRUE,TRUE,FALSE,FALSE,0,0,0,3,0,11,1,611,3,10,6,92,70,286,144,303.5041,2,15,2.013152376,2.142857143,87.28571429
3/20/2026 9:00:36,mb910197,moderate,no,24.6668,4.0496,4.0662,26.6305,29.9301,148.4344,65.7265,TRUE,TRUE,FALSE,FALSE,0,0,0,3,0,11,1,612,3,10,6,92,70,286,145,303.5041,2,15,2.016447224,2.142857143,87.42857143
3/20/2026 9:12:46,nb275217,low,no,39.4431,11.1823,5.5494,41.5957,24.7972,103.1393,1820.0947,FALSE,TRUE,FALSE,FALSE,0,0,0,5,2,1,9,1113,7,31,12,131,48,321,563,2045.8017,1,17,0.5440409987,2.428571429,159
3/20/2026 10:24:29,mb544375,moderate,no,0,0,0,0,0,0,0,FALSE,FALSE,FALSE,FALSE,0,0,0,0,0,0,0,0,0,0,0,0,0,0,0,0,0,0,NaN,0,0
3/20/2026 10:57:11,ma998715,moderate,yes,4.1059,3.9164,3.9163,4.5163,4.0162,4.7493,12.9654,FALSE,FALSE,FALSE,FALSE,0,0,0,0,0,0,0,65,1,6,3,11,4,6,34,38.1858,0,0,1.702203437,0,9.285714286
3/20/2026 10:58:07,ma998715,moderate,yes,4.1059,3.9164,3.9163,4.5163,4.0162,4.7493,12.9654,FALSE,FALSE,FALSE,FALSE,0,0,0,0,0,0,0,66,1,6,3,11,4,6,35,38.1858,0,0,1.728391182,0,9.428571429
3/20/2026 11:07:55,ia730910,high,yes,9.2919,0,0,0,0,0,0,FALSE,FALSE,FALSE,FALSE,0,0,0,0,0,0,0,19,19,0,0,0,0,0,0,9.2919,0,0,2.0447917,0,2.714285714
3/20/2026 11:08:01,ia730910,high,yes,9.2919,6.1493,0,0,0,0,0,FALSE,FALSE,FALSE,FALSE,0,0,0,0,0,0,0,40,19,21,0,0,0,0,0,15.4412,0,0,2.590472243,0,5.714285714
3/20/2026 11:08:03,ia730910,high,yes,506.777,7.9991,0,0,0,0,0,FALSE,FALSE,FALSE,FALSE,0,0,0,0,0,0,0,41,19,22,0,0,0,0,0,17.291,0,0,2.371175756,0,5.857142857
3/20/2026 11:09:46,ib874139,high,no,78.8833,0,0,0,0,0,0,FALSE,FALSE,FALSE,FALSE,0,0,0,0,0,0,0,7,7,0,0,0,0,0,0,78.8833,0,0,0.08873868106,0,1
3/20/2026 11:10:00,ib874139,high,no,78.8833,13.7031,0,0,0,0,0,FALSE,FALSE,FALSE,FALSE,0,0,0,0,0,0,0,61,7,54,0,0,0,0,0,92.5864,0,0,0.6588440635,0,8.714285714
3/20/2026 11:10:05,ib874139,high,no,78.8833,13.7031,5.4779,0,0,0,0,FALSE,FALSE,FALSE,FALSE,0,0,0,0,0,0,0,73,7,54,12,0,0,0,0,98.0643,0,0,0.7444095354,0,10.42857143
3/20/2026 11:10:53,na981751,low,yes,121.4843,0,0,0,0,0,0,FALSE,FALSE,FALSE,FALSE,0,0,0,0,0,0,0,9,9,0,0,0,0,0,0,121.4843,0,0,0.07408364702,0,1.285714286
3/20/2026 11:11:00,na981751,low,yes,121.4843,6.5493,0,0,0,0,0,FALSE,FALSE,FALSE,FALSE,0,0,0,0,0,0,0,25,9,16,0,0,0,0,0,128.0336,0,0,0.1952612439,0,3.571428571
3/20/2026 11:11:08,na981751,low,yes,121.4843,6.5493,8.4657,0,0,0,0,FALSE,FALSE,FALSE,FALSE,0,0,0,0,0,0,0,43,9,16,18,0,0,0,0,136.4993,0,0,0.3150199305,0,6.142857143
3/20/2026 11:11:09,ib874139,high,no,78.8833,13.7031,5.4779,63.6536,0,0,0,FALSE,FALSE,FALSE,FALSE,0,0,0,3,0,0,0,207,7,54,12,134,0,0,0,161.7179,0,3,1.280006728,0.4285714286,29.57142857
3/20/2026 11:11:13,ib598167,high,no,51.3758,0,0,0,0,0,0,FALSE,FALSE,FALSE,FALSE,0,0,0,0,0,0,0,0,0,0,0,0,0,0,0,51.3758,0,0,0,0,0
3/20/2026 11:11:15,ib598167,high,no,53.3757,0,0,0,0,0,0,FALSE,FALSE,FALSE,FALSE,0,0,0,0,0,0,0,1,1,0,0,0,0,0,0,53.3757,0,0,0.01873511729,0,0.1428571429
3/20/2026 11:11:20,ib598167,high,no,58.0583,0,0,0,0,0,0,FALSE,FALSE,FALSE,FALSE,0,0,0,0,0,0,0,5,5,0,0,0,0,0,0,58.0583,0,0,0.08612033077,0,0.7142857143
3/20/2026 11:11:31,ib874139,high,no,78.8833,13.7031,5.4779,63.6536,21.8283,0,0,FALSE,TRUE,FALSE,FALSE,0,0,0,3,1,0,0,250,7,54,12,134,43,0,0,183.5462,1,4,1.362054894,0.5714285714,35.71428571
3/20/2026 11:11:38,ib598167,high,no,58.0583,17.9315,0,0,0,0,0,FALSE,FALSE,FALSE,FALSE,0,0,0,0,0,0,0,81,5,76,0,0,0,0,0,75.9898,0,0,1.065932533,0,11.57142857
3/20/2026 11:11:47,ib598167,high,no,58.0583,17.9315,8.5658,0,0,0,0,FALSE,FALSE,FALSE,FALSE,0,0,1,0,0,0,0,115,5,76,34,0,0,0,0,84.5556,0,1,1.360051848,0.1428571429,16.42857143
3/20/2026 11:11:47,ia670057,high,yes,33.5363,0,0,0,0,0,0,FALSE,FALSE,FALSE,FALSE,0,0,0,0,0,0,0,0,0,0,0,0,0,0,0,33.5363,0,0,0,0,0
3/20/2026 11:11:47,ib874139,high,no,78.8833,13.7031,5.4779,63.6536,21.8283,16.5836,0,FALSE,TRUE,FALSE,FALSE,0,0,0,3,1,0,0,346,7,54,12,134,43,96,0,200.1298,1,4,1.728877958,0.5714285714,49.42857143
3/20/2026 11:11:48,ib874139,high,no,78.8833,13.7031,5.4779,63.6536,21.8283,17.5493,0,FALSE,TRUE,FALSE,FALSE,0,0,0,3,1,0,0,347,7,54,12,134,43,97,0,201.0955,1,4,1.725548309,0.5714285714,49.57142857
3/20/2026 11:11:49,ib874139,high,no,78.8833,13.7031,5.4779,63.6536,21.8283,17.8158,0,FALSE,TRUE,FALSE,FALSE,0,0,0,3,1,0,0,348,7,54,12,134,43,98,0,201.362,1,4,1.728230749,0.5714285714,49.71428571
3/20/2026 11:11:49,ib874139,high,no,78.8833,13.7031,5.4779,63.6536,21.8283,18.3318,0,FALSE,TRUE,FALSE,FALSE,0,0,0,3,1,0,0,349,7,54,12,134,43,99,0,201.878,1,4,1.728766879,0.5714285714,49.85714286
3/20/2026 11:11:49,ia670057,high,yes,35.5028,0,0,0,0,0,0,FALSE,FALSE,FALSE,FALSE,0,0,0,0,0,0,0,1,1,0,0,0,0,0,0,35.5028,0,0,0.02816679248,0,0.1428571429
3/20/2026 11:11:49,ia670057,high,yes,35.7861,0,0,0,0,0,0,FALSE,FALSE,FALSE,FALSE,0,0,0,0,0,0,0,2,2,0,0,0,0,0,0,35.7861,0,0,0.05588762117,0,0.2857142857
3/20/2026 11:11:50,ib874139,high,no,78.8833,13.7031,5.4779,63.6536,21.8283,18.7315,0,FALSE,TRUE,FALSE,FALSE,0,0,0,3,1,0,0,350,7,54,12,134,43,100,0,202.2777,1,4,1.730294541,0.5714285714,50
3/20/2026 11:11:50,ia670057,high,yes,36.0527,0,0,0,0,0,0,FALSE,FALSE,FALSE,FALSE,0,0,0,0,0,0,0,3,3,0,0,0,0,0,0,36.0527,0,0,0.08321152091,0,0.4285714286
3/20/2026 11:11:50,ia670057,high,yes,36.2527,0,0,0,0,0,0,FALSE,FALSE,FALSE,FALSE,0,0,0,0,0,0,0,4,4,0,0,0,0,0,0,36.2527,0,0,0.1103366094,0,0.5714285714
3/20/2026 11:11:50,ib874139,high,no,78.8833,13.7031,5.4779,63.6536,21.8283,19.1811,0,FALSE,TRUE,FALSE,FALSE,0,0,0,3,1,0,0,351,7,54,12,134,43,101,0,202.7273,1,4,1.731389902,0.5714285714,50.14285714
3/20/2026 11:11:50,ib874139,high,no,78.8833,13.7031,5.4779,63.6536,21.8283,19.4474,0,FALSE,TRUE,FALSE,FALSE,0,0,0,3,1,0,0,352,7,54,12,134,43,102,0,202.9936,1,4,1.734044817,0.5714285714,50.28571429
3/20/2026 11:11:51,ib874139,high,no,78.8833,13.7031,5.4779,63.6536,21.8283,19.947,0,FALSE,TRUE,FALSE,FALSE,0,0,0,3,1,0,0,352,7,54,12,134,43,102,0,203.4932,1,4,1.729787531,0.5714285714,50.28571429
3/20/2026 11:11:51,ib874139,high,no,78.8833,13.7031,5.4779,63.6536,21.8283,20.0635,0,FALSE,TRUE,FALSE,FALSE,0,0,0,3,1,0,0,352,7,54,12,134,43,102,0,203.6097,1,4,1.728797793,0.5714285714,50.28571429
3/20/2026 11:11:51,ib874139,high,no,78.8833,13.7031,5.4779,63.6536,21.8283,20.0136,0,FALSE,TRUE,FALSE,FALSE,0,0,0,3,1,0,0,352,7,54,12,134,43,102,0,203.5598,1,4,1.729221585,0.5714285714,50.28571429
3/20/2026 11:11:51,ib874139,high,no,78.8833,13.7031,5.4779,63.6536,21.8283,20.5464,0,FALSE,TRUE,FALSE,FALSE,0,0,0,3,1,0,0,353,7,54,12,134,43,103,0,204.0926,1,4,1.729607051,0.5714285714,50.42857143
3/20/2026 11:11:52,ib874139,high,no,78.8833,13.7031,5.4779,63.6536,21.8283,20.8461,0,FALSE,TRUE,FALSE,FALSE,0,0,0,3,1,0,0,355,7,54,12,134,43,105,0,204.3923,1,4,1.736856036,0.5714285714,50.71428571
3/20/2026 11:11:51,ib874139,high,no,78.8833,13.7031,5.4779,63.6536,21.8283,20.6962,0,FALSE,TRUE,FALSE,FALSE,0,0,0,3,1,0,0,354,7,54,12,134,43,104,0,204.2424,1,4,1.733234627,0.5714285714,50.57142857
3/20/2026 11:11:55,ia670057,high,yes,40.8854,0,0,0,0,0,0,FALSE,FALSE,FALSE,FALSE,0,0,0,0,0,0,0,8,8,0,0,0,0,0,0,40.8854,0,0,0.1956688696,0,1.142857143
3/20/2026 11:12:05,ma431673,moderate,yes,3.9134,0,0,0,0,0,0,FALSE,FALSE,FALSE,FALSE,0,0,0,0,0,0,0,0,0,0,0,0,0,0,0,3.9134,0,0,0,0,0
3/20/2026 11:12:05,ma431673,moderate,yes,4.2301,0,0,0,0,0,0,FALSE,FALSE,FALSE,FALSE,0,0,0,0,0,0,0,1,1,0,0,0,0,0,0,4.2301,0,0,0.2364010307,0,0.1428571429
3/20/2026 11:12:08,na981751,low,yes,121.4843,6.5493,8.4657,59.7605,0,0,0,TRUE,FALSE,FALSE,FALSE,0,0,0,3,0,0,0,245,9,16,18,202,0,0,0,196.2598,2,3,1.248345306,0.4285714286,35
3/20/2026 11:12:08,mb297965,moderate,no,52.0758,0,0,0,0,0,0,FALSE,FALSE,FALSE,FALSE,0,0,0,0,0,0,0,9,9,0,0,0,0,0,0,52.0758,0,0,0.1728249974,0,1.285714286
3/20/2026 11:12:09,ia670057,high,yes,40.8854,15.0318,0,0,0,0,0,FALSE,FALSE,FALSE,FALSE,0,0,0,0,0,0,0,34,8,26,0,0,0,0,0,55.9172,0,0,0.6080418905,0,4.857142857
3/20/2026 11:12:16,ia670057,high,yes,40.8854,15.0318,6.2161,0,0,0,0,FALSE,FALSE,FALSE,FALSE,0,0,0,0,0,0,0,50,8,26,16,0,0,0,0,62.1333,0,0,0.8047214618,0,7.142857143
3/20/2026 11:12:22,mb297965,moderate,no,52.0758,14.0817,0,0,0,0,0,FALSE,FALSE,FALSE,FALSE,0,0,0,0,0,0,0,32,9,23,0,0,0,0,0,66.1575,0,0,0.4836942146,0,4.571428571
3/20/2026 11:12:26,mb297965,moderate,no,52.0758,14.0817,4.233,0,0,0,0,FALSE,FALSE,FALSE,FALSE,0,0,0,0,0,0,0,43,9,23,11,0,0,0,0,70.3905,0,0,0.6108778884,0,6.142857143
3/20/2026 11:12:46,ia670057,high,yes,40.8854,15.0318,6.2161,30.2635,0,0,0,FALSE,FALSE,FALSE,FALSE,0,0,0,4,0,0,0,150,8,26,16,100,0,0,0,92.3968,0,4,1.623432846,0.5714285714,21.42857143
3/20/2026 11:12:47,ib598167,high,no,58.0583,17.9315,8.5658,60.527,0,0,0,TRUE,FALSE,FALSE,FALSE,0,0,1,0,0,0,0,415,5,76,34,300,0,0,0,145.0826,1,1,2.860439501,0.1428571429,59.28571429
3/20/2026 11:12:50,na981751,low,yes,121.4843,6.5493,8.4657,59.7605,41.6455,0,0,TRUE,TRUE,FALSE,FALSE,0,0,0,3,1,0,0,333,9,16,18,202,88,0,0,237.9053,4,4,1.39971661,0.5714285714,47.57142857
3/20/2026 11:12:57,mb297965,moderate,no,52.0758,14.0817,4.233,30.0801,0,0,0,TRUE,FALSE,FALSE,FALSE,0,0,0,2,0,0,0,151,9,23,11,108,0,0,0,100.4706,1,2,1.502927224,0.2857142857,21.57142857
3/20/2026 11:13:00,ia670057,high,yes,40.8854,15.0318,6.2161,30.2635,14.1818,0,0,FALSE,TRUE,FALSE,FALSE,0,0,0,4,0,0,0,182,8,26,16,100,32,0,0,106.5786,1,4,1.707659887,0.5714285714,26
3/20/2026 11:13:07,ma431673,moderate,yes,66.4439,0,0,0,0,0,0,FALSE,FALSE,FALSE,FALSE,0,0,0,0,0,0,0,17,17,0,0,0,0,0,0,66.4439,0,0,0.2558549393,0,2.428571429
3/20/2026 11:13:12,ma431673,moderate,yes,66.4439,5.233,0,0,0,0,0,FALSE,FALSE,FALSE,FALSE,0,0,0,0,0,0,0,29,17,12,0,0,0,0,0,71.6769,0,0,0.4045933906,0,4.142857143
3/20/2026 11:13:17,ma431673,moderate,yes,66.4439,5.233,4.6997,0,0,0,0,FALSE,FALSE,FALSE,FALSE,0,0,0,0,0,0,0,37,17,12,8,0,0,0,0,76.3766,0,0,0.4844415698,0,5.285714286
3/20/2026 11:13:19,na981751,low,yes,121.4843,6.5493,8.4657,59.7605,41.6455,29.4136,0,TRUE,TRUE,FALSE,FALSE,0,0,0,3,1,0,0,407,9,16,18,202,88,74,0,267.3189,4,4,1.522526091,0.5714285714,58.14285714
3/20/2026 11:13:32,ib598167,high,no,58.0583,17.9315,8.5658,60.527,45.0119,0,0,TRUE,TRUE,FALSE,FALSE,0,0,1,0,2,0,0,611,5,76,34,300,196,0,0,190.0945,3,3,3.214190837,0.4285714286,87.28571429
3/20/2026 11:13:35,mb297965,moderate,no,52.0758,14.0817,4.233,30.0801,39.0459,0,0,TRUE,TRUE,FALSE,FALSE,0,0,0,2,3,0,0,233,9,23,11,108,82,0,0,139.5165,3,5,1.670053363,0.7142857143,33.28571429
3/20/2026 11:13:42,ma431673,moderate,yes,66.4439,5.233,4.6997,24.6157,0,0,0,FALSE,FALSE,FALSE,FALSE,0,0,0,2,0,0,0,117,17,12,8,80,0,0,0,100.9923,0,2,1.158504163,0.2857142857,16.71428571
3/20/2026 11:14:06,mb297965,moderate,no,52.0758,14.0817,4.233,30.0801,39.0459,30.3635,0,TRUE,TRUE,FALSE,FALSE,0,0,0,2,3,0,0,339,9,23,11,108,82,106,0,169.88,3,5,1.995526254,0.7142857143,48.42857143
3/20/2026 11:14:06,ma431673,moderate,yes,66.4439,5.233,4.6997,24.6157,23.8321,0,0,FALSE,TRUE,FALSE,FALSE,0,0,0,2,1,0,0,163,17,12,8,80,46,0,0,124.8244,2,3,1.305834436,0.4285714286,23.28571429
3/20/2026 11:14:43,mb297965,moderate,no,52.0758,14.0817,4.233,30.0801,39.0459,30.3635,36.7794,TRUE,TRUE,FALSE,FALSE,0,0,0,2,3,0,1,438,9,23,11,108,82,106,99,206.6594,3,6,2.119429361,0.8571428571,62.57142857
3/20/2026 11:14:44,ma431673,moderate,yes,66.4439,5.233,4.6997,24.6157,23.8321,38.065,0,FALSE,TRUE,FALSE,FALSE,0,0,0,2,1,0,0,263,17,12,8,80,46,100,0,162.8894,2,3,1.614592478,0.4285714286,37.57142857
3/20/2026 11:14:44,mb297965,moderate,no,52.0758,14.0817,4.233,30.0801,39.0459,30.3635,38.4126,TRUE,TRUE,FALSE,FALSE,0,0,0,2,3,0,1,439,9,23,11,108,82,106,100,208.2926,3,6,2.10761208,0.8571428571,62.71428571
3/20/2026 11:14:45,mb297965,moderate,no,52.0758,14.0817,4.233,30.0801,39.0459,30.3635,38.5959,TRUE,TRUE,FALSE,FALSE,0,0,0,2,3,0,1,440,9,23,11,108,82,106,101,208.4759,3,6,2.110555705,0.8571428571,62.85714286
3/20/2026 11:14:45,mb297965,moderate,no,52.0758,14.0817,4.233,30.0801,39.0459,30.3635,38.9292,TRUE,TRUE,FALSE,FALSE,0,0,0,2,3,0,1,441,9,23,11,108,82,106,102,208.8092,3,6,2.111975909,0.8571428571,63
3/20/2026 11:14:45,mb297965,moderate,no,52.0758,14.0817,4.233,30.0801,39.0459,30.3635,39.0792,TRUE,TRUE,FALSE,FALSE,0,0,0,2,3,0,1,442,9,23,11,108,82,106,103,208.9592,3,6,2.115245464,0.8571428571,63.14285714
3/20/2026 11:14:45,mb297965,moderate,no,52.0758,14.0817,4.233,30.0801,39.0459,30.3635,39.2625,TRUE,TRUE,FALSE,FALSE,0,0,0,2,3,0,1,443,9,23,11,108,82,106,104,209.1425,3,6,2.118173016,0.8571428571,63.28571429
3/20/2026 11:16:26,ma431673,moderate,yes,66.4439,5.233,4.6997,24.6157,23.8321,38.065,102.6286,FALSE,TRUE,FALSE,FALSE,0,0,0,2,1,0,1,525,17,12,8,80,46,100,262,265.518,2,4,1.977267078,0.5714285714,75
3/20/2026 11:16:55,ma431673,moderate,yes,66.4439,5.233,4.6997,24.6157,23.8321,38.065,102.6286,FALSE,TRUE,FALSE,FALSE,0,0,0,2,1,0,1,526,17,12,8,80,46,100,263,265.518,2,4,1.981033301,0.5714285714,75.14285714
3/20/2026 11:16:56,ma431673,moderate,yes,66.4439,5.233,4.6997,24.6157,23.8321,38.065,102.6286,FALSE,TRUE,FALSE,FALSE,0,0,0,2,1,0,1,527,17,12,8,80,46,100,264,265.518,2,4,1.984799524,0.5714285714,75.28571429
3/20/2026 11:17:50,ib598167,high,no,58.0583,17.9315,8.5658,60.527,45.0119,257.6729,0,TRUE,TRUE,FALSE,FALSE,0,0,1,0,2,2,0,1375,5,76,34,300,196,764,0,447.7674,3,5,3.070790772,0.7142857143,196.4285714
3/20/2026 11:23:25,ib249521,high,no,38.7304,0,0,0,0,0,0,FALSE,FALSE,FALSE,FALSE,0,0,0,0,0,0,0,4,4,0,0,0,0,0,0,38.7304,0,0,0.1032780452,0,0.5714285714
3/20/2026 11:23:25,ib249521,high,no,39.3303,0,0,0,0,0,0,FALSE,FALSE,FALSE,FALSE,0,0,0,0,0,0,0,5,5,0,0,0,0,0,0,39.3303,0,0,0.127128448,0,0.7142857143
3/20/2026 11:23:28,ib249521,high,no,42.58,0,0,0,0,0,0,FALSE,FALSE,FALSE,FALSE,0,0,0,0,0,0,0,11,11,0,0,0,0,0,0,42.58,0,0,0.2583372475,0,1.571428571
3/20/2026 11:23:45,ib249521,high,no,42.58,16.7816,0,0,0,0,0,FALSE,FALSE,FALSE,FALSE,0,0,0,0,0,0,0,51,11,40,0,0,0,0,0,59.3616,0,0,0.859141263,0,7.285714286
3/20/2026 11:23:56,ib249521,high,no,42.58,16.7816,11.0988,0,0,0,0,FALSE,FALSE,FALSE,FALSE,0,0,1,0,0,0,0,77,11,40,26,0,0,0,0,70.4604,0,1,1.092812417,0.1428571429,11
3/20/2026 11:24:49,ib249521,high,no,42.58,16.7816,11.0988,53.0611,0,0,0,TRUE,FALSE,FALSE,FALSE,0,0,1,5,0,0,0,227,11,40,26,150,0,0,0,123.5215,1,6,1.83773675,0.8571428571,32.42857143
3/20/2026 11:25:25,ib249521,high,no,42.58,16.7816,11.0988,53.0611,35.9796,0,0,TRUE,TRUE,FALSE,FALSE,0,0,1,5,2,0,0,295,11,40,26,150,68,0,0,159.5011,2,8,1.849517025,1.142857143,42.14285714
3/20/2026 11:25:40,ib249521,high,no,42.58,16.7816,11.0988,53.0611,35.9796,15.015,0,TRUE,TRUE,FALSE,FALSE,0,0,1,5,2,0,0,316,11,40,26,150,68,21,0,174.5161,2,8,1.810721188,1.142857143,45.14285714
3/20/2026 11:26:37,na981751,low,yes,121.4843,6.5493,8.4657,59.7605,41.6455,29.4136,797.9159,TRUE,TRUE,FALSE,TRUE,0,0,0,3,1,0,15,2497,9,16,18,202,88,74,2090,1065.2348,13,19,2.34408414,2.714285714,356.7142857
3/20/2026 11:28:21,na981751,low,yes,121.4843,6.5493,8.4657,59.7605,41.6455,29.4136,797.9159,TRUE,TRUE,FALSE,TRUE,0,0,0,3,1,0,15,2498,9,16,18,202,88,74,2091,1065.2348,13,19,2.3450229,2.714285714,356.8571429
3/20/2026 11:28:22,na981751,low,yes,121.4843,6.5493,8.4657,59.7605,41.6455,29.4136,797.9159,TRUE,TRUE,FALSE,TRUE,0,0,0,3,1,0,15,2499,9,16,18,202,88,74,2092,1065.2348,13,19,2.34596166,2.714285714,357
3/20/2026 11:28:22,na981751,low,yes,121.4843,6.5493,8.4657,59.7605,41.6455,29.4136,797.9159,TRUE,TRUE,FALSE,TRUE,0,0,0,3,1,0,15,2500,9,16,18,202,88,74,2093,1065.2348,13,19,2.34690042,2.714285714,357.1428571
3/20/2026 11:28:37,ma716635,moderate,yes,6.2227,0,0,0,0,0,0,FALSE,FALSE,FALSE,FALSE,0,0,0,0,0,0,0,9,9,0,0,0,0,0,0,6.2227,0,0,1.446317515,0,1.285714286
3/20/2026 11:28:41,ma716635,moderate,yes,6.2227,3.9162,0,0,0,0,0,FALSE,FALSE,FALSE,FALSE,0,0,0,0,0,0,0,15,9,6,0,0,0,0,0,10.1389,0,0,1.479450433,0,2.142857143
3/20/2026 11:28:45,ma716635,moderate,yes,6.2227,3.9162,3.9163,0,0,0,0,FALSE,FALSE,FALSE,FALSE,0,0,0,0,0,0,0,19,9,6,4,0,0,0,0,14.0552,0,0,1.351812852,0,2.714285714
3/20/2026 11:28:58,na462203,low,yes,17.0072,0,0,0,0,0,0,FALSE,FALSE,FALSE,FALSE,0,0,0,0,0,0,0,3,3,0,0,0,0,0,0,17.0072,0,0,0.1763958794,0,0.4285714286
3/20/2026 11:29:02,na462203,low,yes,17.0072,4.1664,0,0,0,0,0,FALSE,FALSE,FALSE,FALSE,0,0,0,0,0,0,0,13,3,10,0,0,0,0,0,21.1736,0,0,0.6139721162,0,1.857142857
3/20/2026 11:29:07,na462203,low,yes,17.0072,4.1664,5.1829,0,0,0,0,FALSE,FALSE,FALSE,FALSE,0,0,0,0,0,0,0,29,3,10,16,0,0,0,0,26.3565,0,0,1.100297839,0,4.142857143
3/20/2026 11:29:11,ma716635,moderate,yes,6.2227,3.9162,3.9163,26.2805,0,0,0,TRUE,FALSE,FALSE,FALSE,0,0,0,3,0,0,0,113,9,6,4,94,0,0,0,40.3357,1,3,2.801488508,0.4285714286,16.14285714
3/20/2026 11:29:23,na904705,low,yes,11.7407,0,0,0,0,0,0,FALSE,FALSE,FALSE,FALSE,0,0,0,0,0,0,0,3,3,0,0,0,0,0,0,11.7407,0,0,0.2555213914,0,0.4285714286
3/20/2026 11:29:27,na904705,low,yes,11.7407,3.9164,0,0,0,0,0,FALSE,FALSE,FALSE,FALSE,0,0,0,0,0,0,0,9,3,6,0,0,0,0,0,15.6571,0,0,0.5748190917,0,1.285714286
3/20/2026 11:29:31,na904705,low,yes,11.7407,3.9164,3.9162,0,0,0,0,FALSE,FALSE,FALSE,FALSE,0,0,0,0,0,0,0,15,3,6,6,0,0,0,0,19.5733,0,0,0.7663500789,0,2.142857143
3/20/2026 11:29:48,na904705,low,yes,11.7407,3.9164,3.9162,17.1982,0,0,0,TRUE,FALSE,FALSE,FALSE,0,0,0,1,0,0,0,79,3,6,6,64,0,0,0,36.7715,1,1,2.148402975,0.1428571429,11.28571429
3/20/2026 11:29:57,na462203,low,yes,17.0072,4.1664,5.1829,49.678,0,0,0,TRUE,FALSE,FALSE,FALSE,0,0,0,2,0,0,0,203,3,10,16,174,0,0,0,76.0345,1,2,2.669840664,0.2857142857,29
3/20/2026 11:30:01,na904705,low,yes,11.7407,3.9164,3.9162,17.1982,12.882,0,0,TRUE,TRUE,FALSE,FALSE,0,0,0,1,0,0,0,103,3,6,6,64,24,0,0,49.6535,2,1,2.074375422,0.1428571429,14.71428571
3/20/2026 11:30:11,na462203,low,yes,17.0072,4.1664,5.1829,49.678,13.9319,0,0,TRUE,TRUE,FALSE,FALSE,0,0,0,2,0,0,0,239,3,10,16,174,36,0,0,89.9664,2,2,2.656547333,0.2857142857,34.14285714
3/20/2026 11:33:11,na611762,low,yes,7.7865,0,0,0,0,0,0,FALSE,FALSE,FALSE,FALSE,0,0,0,0,0,0,0,13,13,0,0,0,0,0,0,7.7865,0,0,1.669556283,0,1.857142857
3/20/2026 11:33:15,na611762,low,yes,7.7865,3.9163,0,0,0,0,0,FALSE,FALSE,FALSE,FALSE,0,0,0,0,0,0,0,19,13,6,0,0,0,0,0,11.7028,0,0,1.623543084,0,2.714285714
3/20/2026 11:33:19,na611762,low,yes,7.7865,3.9163,4.1496,0,0,0,0,FALSE,FALSE,FALSE,FALSE,0,0,0,0,0,0,0,29,13,6,10,0,0,0,0,15.8524,0,0,1.829375994,0,4.142857143
3/20/2026 11:33:36,na611762,low,yes,7.7865,3.9163,4.1496,16.5315,0,0,0,TRUE,FALSE,FALSE,FALSE,0,0,0,1,0,0,0,81,13,6,10,52,0,0,0,32.3839,1,1,2.501242902,0.1428571429,11.57142857
3/20/2026 11:33:57,na611762,low,yes,7.7865,3.9163,4.1496,16.5315,20.9811,0,0,TRUE,TRUE,FALSE,FALSE,0,0,0,1,1,0,0,125,13,6,10,52,44,0,0,53.365,3,2,2.342359224,0.2857142857,17.85714286
3/20/2026 11:34:05,na611762,low,yes,7.7865,3.9163,4.1496,16.5315,20.9811,8.7325,0,TRUE,TRUE,TRUE,FALSE,0,0,0,1,1,0,0,147,13,6,10,52,44,22,0,62.0975,4,2,2.367245058,0.2857142857,21
3/20/2026 11:35:21,mb131339,moderate,no,9.0944,0,0,0,0,0,0,FALSE,FALSE,FALSE,FALSE,0,0,0,0,0,0,0,1,1,0,0,0,0,0,0,9.0944,0,0,0.1099577762,0,0.1428571429
3/20/2026 11:35:25,mb131339,moderate,no,9.0944,3.9162,0,0,0,0,0,FALSE,FALSE,FALSE,FALSE,0,0,0,0,0,0,0,7,1,6,0,0,0,0,0,13.0106,0,0,0.5380228429,0,1
3/20/2026 11:35:29,mb131339,moderate,no,9.0944,3.9162,4.233,0,0,0,0,FALSE,FALSE,FALSE,FALSE,0,0,0,0,0,0,0,21,1,6,14,0,0,0,0,17.2436,0,0,1.217843142,0,3
3/20/2026 11:35:32,na611762,low,yes,7.7865,3.9163,4.1496,16.5315,20.9811,8.7325,87.2575,TRUE,TRUE,TRUE,TRUE,0,0,0,1,1,0,0,381,13,6,10,52,44,22,234,149.355,5,2,2.550969167,0.2857142857,54.42857143
3/20/2026 11:35:42,na611762,low,yes,7.7865,3.9163,4.1496,16.5315,20.9811,8.7325,87.2575,TRUE,TRUE,TRUE,TRUE,0,0,0,1,1,0,0,382,13,6,10,52,44,22,235,149.355,5,2,2.557664625,0.2857142857,54.57142857
3/20/2026 11:35:47,na280030,low,yes,4.3716,0,0,0,0,0,0,FALSE,FALSE,FALSE,FALSE,0,0,0,0,0,0,0,5,5,0,0,0,0,0,0,4.3716,0,0,1.143745997,0,0.7142857143
3/20/2026 11:35:49,mb131339,moderate,no,9.0944,3.9162,4.233,20.1478,0,0,0,TRUE,FALSE,FALSE,FALSE,0,0,0,0,0,0,0,95,1,6,14,74,0,0,0,37.3914,1,0,2.540691175,0,13.57142857
3/20/2026 11:35:50,na280030,low,yes,4.3716,2.9497,0,0,0,0,0,FALSE,FALSE,FALSE,FALSE,0,0,0,0,0,0,0,13,5,8,0,0,0,0,0,7.3213,0,0,1.775640938,0,1.857142857
3/20/2026 11:36:00,ia120282,high,yes,10.3007,0,0,0,0,0,0,FALSE,FALSE,FALSE,FALSE,0,0,0,0,0,0,0,5,5,0,0,0,0,0,0,10.3007,0,0,0.4854039046,0,0.7142857143
3/20/2026 11:36:01,mb131339,moderate,no,9.0944,3.9162,4.233,20.1478,11.8821,0,0,TRUE,TRUE,FALSE,FALSE,0,0,0,0,0,0,0,121,1,6,14,74,26,0,0,49.2735,2,0,2.455681046,0,17.28571429
3/20/2026 11:36:06,ia120282,high,yes,10.3007,5.9493,0,0,0,0,0,FALSE,FALSE,FALSE,FALSE,0,0,0,0,0,0,0,29,5,24,0,0,0,0,0,16.25,0,0,1.784615385,0,4.142857143
3/20/2026 11:36:10,ia120282,high,yes,10.3007,5.9493,3.9163,0,0,0,0,FALSE,FALSE,FALSE,FALSE,0,0,0,0,0,0,0,35,5,24,6,0,0,0,0,20.1663,0,0,1.735568746,0,5
3/20/2026 11:36:30,ia120282,high,yes,10.3007,5.9493,3.9163,19.7646,0,0,0,TRUE,FALSE,FALSE,FALSE,0,0,0,2,0,0,0,103,5,24,6,68,0,0,0,39.9309,1,2,2.57945601,0.2857142857,14.71428571
3/20/2026 11:36:42,ia120282,high,yes,10.3007,5.9493,3.9163,19.7646,12.5653,0,0,TRUE,TRUE,FALSE,FALSE,0,0,0,2,0,0,0,123,5,24,6,68,20,0,0,52.4962,2,2,2.343026733,0.2857142857,17.57142857
3/20/2026 11:36:43,mb131339,moderate,no,9.0944,3.9162,4.233,20.1478,11.8821,42.2955,0,TRUE,TRUE,TRUE,FALSE,0,0,0,0,0,5,0,271,1,6,14,74,26,150,0,91.569,3,5,2.959516867,0.7142857143,38.71428571
3/20/2026 11:36:57,ia120282,high,yes,10.3007,5.9493,3.9163,19.7646,12.5653,15.2984,0,TRUE,TRUE,TRUE,FALSE,0,0,0,2,0,2,0,167,5,24,6,68,20,44,0,67.7946,3,4,2.463323038,0.5714285714,23.85714286
3/20/2026 11:38:23,ma198300,moderate,yes,6.9005,0,0,0,0,0,0,FALSE,FALSE,FALSE,FALSE,0,0,0,0,0,0,0,1,1,0,0,0,0,0,0,6.9005,0,0,0.144917035,0,0.1428571429
3/20/2026 11:38:28,ma198300,moderate,yes,6.9005,5.7495,0,0,0,0,0,FALSE,FALSE,FALSE,FALSE,0,0,0,0,0,0,0,21,1,20,0,0,0,0,0,12.65,0,0,1.660079051,0,3
3/20/2026 11:38:33,ma198300,moderate,yes,6.9005,5.7495,4.3663,0,0,0,0,FALSE,FALSE,FALSE,FALSE,0,0,0,0,0,0,0,33,1,20,12,0,0,0,0,17.0163,0,0,1.939317008,0,4.714285714
3/20/2026 11:38:53,ma198300,moderate,yes,6.9005,5.7495,4.3663,19.9478,0,0,0,TRUE,FALSE,FALSE,FALSE,0,0,0,0,0,0,0,109,1,20,12,76,0,0,0,36.9641,1,0,2.948807086,0,15.57142857
3/20/2026 11:39:00,ia120282,high,yes,10.3007,5.9493,3.9163,19.7646,12.5653,15.2984,123.0704,TRUE,TRUE,TRUE,TRUE,0,0,0,2,0,2,3,529,5,24,6,68,20,44,362,190.865,5,7,2.771592487,1,75.57142857
3/20/2026 11:39:09,mb284284,moderate,no,7.7383,0,0,0,0,0,0,FALSE,FALSE,FALSE,FALSE,0,0,0,0,0,0,0,1,1,0,0,0,0,0,0,7.7383,0,0,0.1292273497,0,0.1428571429
3/20/2026 11:39:12,mb284284,moderate,no,7.7383,3.9164,0,0,0,0,0,FALSE,FALSE,FALSE,FALSE,0,0,0,0,0,0,0,7,1,6,0,0,0,0,0,11.6547,0,0,0.6006160605,0,1
3/20/2026 11:39:17,mb284284,moderate,no,7.7383,3.9164,4.133,0,0,0,0,FALSE,FALSE,FALSE,FALSE,0,0,0,0,0,0,0,17,1,6,10,0,0,0,0,15.7877,0,0,1.076787626,0,2.428571429
3/20/2026 11:39:32,mb284284,moderate,no,7.7383,3.9164,4.133,14.9651,0,0,0,TRUE,FALSE,FALSE,FALSE,0,0,0,0,0,0,0,65,1,6,10,48,0,0,0,30.7528,1,0,2.113628678,0,9.285714286
3/20/2026 11:39:37,ia917282,high,yes,6.5201,0,0,0,0,0,0,FALSE,FALSE,FALSE,FALSE,0,0,0,0,0,0,0,1,1,0,0,0,0,0,0,6.5201,0,0,0.1533718808,0,0.1428571429
3/20/2026 11:39:41,ia917282,high,yes,6.5201,4.0497,0,0,0,0,0,FALSE,FALSE,FALSE,FALSE,0,0,0,0,0,0,0,11,1,10,0,0,0,0,0,10.5698,0,0,1.040700865,0,1.571428571
3/20/2026 11:39:42,mb284284,moderate,no,7.7383,3.9164,4.133,14.9651,10.8155,0,0,TRUE,TRUE,FALSE,FALSE,0,0,0,0,0,0,0,82,1,6,10,48,17,0,0,41.5683,2,0,1.972657049,0,11.71428571
3/20/2026 11:39:45,ia917282,high,yes,6.5201,4.0497,3.9162,0,0,0,0,FALSE,FALSE,FALSE,FALSE,0,0,0,0,0,0,0,19,1,10,8,0,0,0,0,14.486,0,0,1.311611211,0,2.714285714
3/20/2026 11:40:05,ia917282,high,yes,6.5201,4.0497,3.9162,19.4147,0,0,0,TRUE,FALSE,FALSE,FALSE,0,0,0,1,0,0,0,91,1,10,8,72,0,0,0,33.9007,1,1,2.684310353,0.1428571429,13
3/20/2026 11:40:26,ia917282,high,yes,6.5201,4.0497,3.9162,19.4147,21.7977,0,0,TRUE,TRUE,FALSE,FALSE,0,0,0,1,1,0,0,125,1,10,8,72,34,0,0,55.6984,3,2,2.244229637,0.2857142857,17.85714286
3/20/2026 11:40:35,mb284284,moderate,no,7.7383,3.9164,4.133,14.9651,10.8155,52.8111,0,TRUE,TRUE,TRUE,FALSE,0,0,0,0,0,3,0,255,1,6,10,48,17,173,0,94.3794,3,3,2.701860787,0.4285714286,36.42857143
3/20/2026 11:41:01,ia917282,high,yes,6.5201,4.0497,3.9162,19.4147,21.7977,34.1797,0,TRUE,TRUE,TRUE,FALSE,0,0,0,1,1,3,0,245,1,10,8,72,34,120,0,89.8781,4,5,2.725914322,0.7142857143,35
3/20/2026 11:41:25,ib964773,high,no,42.1909,0,0,0,0,0,0,FALSE,FALSE,FALSE,FALSE,0,0,0,0,0,0,0,17,17,0,0,0,0,0,0,42.1909,0,0,0.4029304898,0,2.428571429
3/20/2026 11:41:38,ib964773,high,no,42.1909,13.1702,0,0,0,0,0,FALSE,FALSE,FALSE,FALSE,0,0,0,0,0,0,0,55,17,38,0,0,0,0,0,55.3611,0,0,0.9934773695,0,7.857142857
3/20/2026 11:41:43,ib964773,high,no,42.1909,13.1702,4.7953,0,0,0,0,FALSE,FALSE,FALSE,FALSE,0,0,0,0,0,0,0,71,17,38,16,0,0,0,0,60.1564,0,0,1.180256797,0,10.14285714
3/20/2026 11:41:59,ib964773,high,no,42.1909,13.1702,4.7953,16.2339,0,0,0,FALSE,FALSE,FALSE,FALSE,0,0,0,4,0,0,0,128,17,38,16,57,0,0,0,76.3903,0,4,1.675605411,0.5714285714,18.28571429
3/20/2026 11:42:10,mb811107,moderate,no,7.2347,0,0,0,0,0,0,FALSE,FALSE,FALSE,FALSE,0,0,0,0,0,0,0,3,3,0,0,0,0,0,0,7.2347,0,0,0.4146681963,0,0.4285714286
3/20/2026 11:42:14,mb811107,moderate,no,7.2347,4.3661,0,0,0,0,0,FALSE,FALSE,FALSE,FALSE,0,0,0,0,0,0,0,17,3,14,0,0,0,0,0,11.6008,0,0,1.465416178,0,2.428571429
3/20/2026 11:42:18,mb811107,moderate,no,7.2347,4.3661,3.9163,0,0,0,0,FALSE,FALSE,FALSE,FALSE,0,0,0,0,0,0,0,23,3,14,6,0,0,0,0,15.5171,0,0,1.482235727,0,3.285714286
3/20/2026 11:42:36,mb811107,moderate,no,7.2347,4.3661,3.9163,17.8648,0,0,0,TRUE,FALSE,FALSE,FALSE,0,0,0,0,0,0,0,87,3,14,6,64,0,0,0,33.3819,1,0,2.606202763,0,12.42857143
3/20/2026 11:42:38,ib964773,high,no,42.1909,13.1702,4.7953,16.2339,38.8115,0,0,FALSE,FALSE,FALSE,FALSE,0,0,0,4,1,0,0,362,17,38,16,57,234,0,0,115.2018,0,5,3.142312012,0.7142857143,51.71428571
3/20/2026 11:42:38,ib964773,high,no,42.1909,13.1702,4.7953,16.2339,38.9447,0,0,FALSE,FALSE,FALSE,FALSE,0,0,0,4,1,0,0,363,17,38,16,57,235,0,0,115.335,0,5,3.147353362,0.7142857143,51.85714286
3/20/2026 11:42:39,ib964773,high,no,42.1909,13.1702,4.7953,16.2339,39.1113,0,0,FALSE,FALSE,FALSE,FALSE,0,0,0,4,1,0,0,364,17,38,16,57,236,0,0,115.5016,0,5,3.151471495,0.7142857143,52
3/20/2026 11:42:47,mb811107,moderate,no,7.2347,4.3661,3.9163,17.8648,10.7488,0,0,TRUE,TRUE,FALSE,FALSE,0,0,0,0,0,0,0,101,3,14,6,64,14,0,0,44.1307,2,0,2.288656196,0,14.42857143
3/20/2026 11:42:59,mb811107,moderate,no,7.2347,4.3661,3.9163,17.8648,10.7488,12.6154,0,TRUE,TRUE,TRUE,FALSE,0,0,0,0,0,0,0,143,3,14,6,64,14,42,0,56.7461,3,0,2.519996969,0,20.42857143
3/20/2026 11:43:11,na999529,low,yes,6.2027,0,0,0,0,0,0,FALSE,FALSE,FALSE,FALSE,0,0,0,0,0,0,0,1,1,0,0,0,0,0,0,6.2027,0,0,0.1612201138,0,0.1428571429
3/20/2026 11:43:15,na999529,low,yes,6.2027,4.0997,0,0,0,0,0,FALSE,FALSE,FALSE,FALSE,0,0,0,0,0,0,0,13,1,12,0,0,0,0,0,10.3024,0,0,1.261841901,0,1.857142857
3/20/2026 11:43:19,na999529,low,yes,6.2027,4.0997,4.1663,0,0,0,0,FALSE,FALSE,FALSE,FALSE,0,0,0,0,0,0,0,21,1,12,8,0,0,0,0,14.4687,0,0,1.451408903,0,3
3/20/2026 11:43:42,na999529,low,yes,6.2027,4.0997,4.1663,23.0475,0,0,0,TRUE,FALSE,FALSE,FALSE,0,0,0,1,0,0,0,103,1,12,8,82,0,0,0,37.5162,1,1,2.745480619,0.1428571429,14.71428571
3/20/2026 11:43:53,na999529,low,yes,6.2027,4.0997,4.1663,23.0475,11.4988,0,0,TRUE,TRUE,FALSE,FALSE,0,0,0,1,0,0,0,119,1,12,8,82,16,0,0,49.015,2,1,2.427828216,0.1428571429,17
3/20/2026 11:43:59,na999529,low,yes,6.2027,4.0997,4.1663,23.0475,11.4988,5.8494,0,TRUE,TRUE,TRUE,FALSE,0,0,0,1,0,0,0,131,1,12,8,82,16,12,0,54.8644,3,1,2.38770496,0.1428571429,18.71428571
3/20/2026 11:45:01,na620685,low,yes,8.2242,0,0,0,0,0,0,FALSE,FALSE,FALSE,FALSE,0,0,0,0,0,0,0,9,9,0,0,0,0,0,0,8.2242,0,0,1.094331364,0,1.285714286
3/20/2026 11:45:13,nb865111,low,no,6.7238,0,0,0,0,0,0,FALSE,FALSE,FALSE,FALSE,0,0,0,0,0,0,0,1,1,0,0,0,0,0,0,6.7238,0,0,0.1487254231,0,0.1428571429
3/20/2026 11:45:17,nb865111,low,no,6.7238,3.9164,0,0,0,0,0,FALSE,FALSE,FALSE,FALSE,0,0,0,0,0,0,0,7,1,6,0,0,0,0,0,10.6402,0,0,0.6578823706,0,1
3/20/2026 11:45:21,nb865111,low,no,6.7238,3.9164,3.9162,0,0,0,0,FALSE,FALSE,FALSE,FALSE,0,0,0,0,0,0,0,13,1,6,6,0,0,0,0,14.5564,0,0,0.8930779588,0,1.857142857
3/20/2026 11:45:36,nb865111,low,no,6.7238,3.9164,3.9162,14.7318,0,0,0,TRUE,FALSE,FALSE,FALSE,0,0,0,0,0,0,0,61,1,6,6,48,0,0,0,29.2882,1,0,2.08275005,0,8.714285714
3/20/2026 11:45:58,nb865111,low,no,6.7238,3.9164,3.9162,14.7318,22.431,0,0,TRUE,TRUE,FALSE,FALSE,0,0,0,0,2,0,0,95,1,6,6,48,34,0,0,51.7192,2,2,1.836842024,0.2857142857,13.57142857
3/20/2026 11:46:05,nb865111,low,no,6.7238,3.9164,3.9162,14.7318,22.431,6.9658,0,TRUE,TRUE,TRUE,FALSE,0,0,0,0,2,0,0,113,1,6,6,48,34,18,0,58.685,3,2,1.925534634,0.2857142857,16.14285714
3/20/2026 11:46:55,nb865111,low,no,6.7238,3.9164,3.9162,14.7318,22.431,6.9658,50.1614,TRUE,TRUE,TRUE,TRUE,0,0,0,0,2,0,1,267,1,6,6,48,34,18,154,108.8464,5,3,2.452997986,0.4285714286,38.14285714
3/20/2026 11:46:59,nb865111,low,no,6.7238,3.9164,3.9162,14.7318,22.431,6.9658,50.1614,TRUE,TRUE,TRUE,TRUE,0,0,0,0,2,0,1,268,1,6,6,48,34,18,155,108.8464,5,3,2.462185245,0.4285714286,38.28571429